base1,quote1,base2,quote2,base3,quote3,symbol1,symbol2,symbol3
1INCH,USDT,USDT,EUR,1INCH,EUR,1INCH-USDT,USDT-EUR,1INCH-EUR
1INCH,USDT,USDT,USD,1INCH,USD,1INCH-USDT,USDT-USD,1INCH-USD
2Z,USDT,USDT,USD,2Z,USD,2Z-USDT,USDT-USD,2Z-USD
A,USDT,USDT,USD,A,USD,A-USDT,USDT-USD,A-USD
AAVE,USDT,USDT,EUR,AAVE,EUR,AAVE-USDT,USDT-EUR,AAVE-EUR
AAVE,USDT,USDT,USD,AAVE,USD,AAVE-USDT,USDT-USD,AAVE-USD
ACE,USDT,USDT,USD,ACE,USD,ACE-USDT,USDT-USD,ACE-USD
ACH,USDT,USDT,USD,ACH,USD,ACH-USDT,USDT-USD,ACH-USD
ADA,USDC,USDC,EUR,ADA,EUR,ADA-USDC,USDC-EUR,ADA-EUR
ADA,USDC,USDC,USDT,ADA,USDT,ADA-USDC,USDC-USDT,ADA-USDT
ADA,USDT,USDT,EUR,ADA,EUR,ADA-USDT,USDT-EUR,ADA-EUR
ADA,USDT,USDT,USD,ADA,USD,ADA-USDT,USDT-USD,ADA-USD
AERGO,USDT,USDT,USD,AERGO,USD,AERGO-USDT,USDT-USD,AERGO-USD
AEVO,USDT,USDT,USD,AEVO,USD,AEVO-USDT,USDT-USD,AEVO-USD
AGLD,USDT,USDT,USD,AGLD,USD,AGLD-USDT,USDT-USD,AGLD-USD
AIXBT,USDT,USDT,USD,AIXBT,USD,AIXBT-USDT,USDT-USD,AIXBT-USD
ALGO,USDT,USDT,EUR,ALGO,EUR,ALGO-USDT,USDT-EUR,ALGO-EUR
ALGO,USDT,USDT,USD,ALGO,USD,ALGO-USDT,USDT-USD,ALGO-USD
ALLO,USDT,USDT,USD,ALLO,USD,ALLO-USDT,USDT-USD,ALLO-USD
ANIME,USDT,USDT,USD,ANIME,USD,ANIME-USDT,USDT-USD,ANIME-USD
APE,USDT,USDT,EUR,APE,EUR,APE-USDT,USDT-EUR,APE-EUR
APE,USDT,USDT,USD,APE,USD,APE-USDT,USDT-USD,APE-USD
API3,USDT,USDT,USD,API3,USD,API3-USDT,USDT-USD,API3-USD
APT,USDC,USDC,EUR,APT,EUR,APT-USDC,USDC-EUR,APT-EUR
APT,USDC,USDC,USDT,APT,USDT,APT-USDC,USDC-USDT,APT-USDT
APT,USDT,USDT,EUR,APT,EUR,APT-USDT,USDT-EUR,APT-EUR
APT,USDT,USDT,USD,APT,USD,APT-USDT,USDT-USD,APT-USD
AR,USDT,USDT,USD,AR,USD,AR-USDT,USDT-USD,AR-USD
ARB,USDT,USDT,EUR,ARB,EUR,ARB-USDT,USDT-EUR,ARB-EUR
ARB,USDT,USDT,USD,ARB,USD,ARB-USDT,USDT-USD,ARB-USD
ARG,USDT,USDT,USD,ARG,USD,ARG-USDT,USDT-USD,ARG-USD
ARKM,USDT,USDT,USD,ARKM,USD,ARKM-USDT,USDT-USD,ARKM-USD
ASP,USDT,USDT,USD,ASP,USD,ASP-USDT,USDT-USD,ASP-USD
ASTER,USDT,USDT,USD,ASTER,USD,ASTER-USDT,USDT-USD,ASTER-USD
ASTR,USDT,USDT,EUR,ASTR,EUR,ASTR-USDT,USDT-EUR,ASTR-EUR
ASTR,USDT,USDT,USD,ASTR,USD,ASTR-USDT,USDT-USD,ASTR-USD
ATH,USDT,USDT,USD,ATH,USD,ATH-USDT,USDT-USD,ATH-USD
ATOM,USDT,USDT,EUR,ATOM,EUR,ATOM-USDT,USDT-EUR,ATOM-EUR
ATOM,USDT,USDT,USD,ATOM,USD,ATOM-USDT,USDT-USD,ATOM-USD
AUCTION,USDT,USDT,USD,AUCTION,USD,AUCTION-USDT,USDT-USD,AUCTION-USD
AVAX,USDC,USDC,EUR,AVAX,EUR,AVAX-USDC,USDC-EUR,AVAX-EUR
AVAX,USDC,USDC,USDT,AVAX,USDT,AVAX-USDC,USDC-USDT,AVAX-USDT
AVAX,USDT,USDT,EUR,AVAX,EUR,AVAX-USDT,USDT-EUR,AVAX-EUR
AVAX,USDT,USDT,USD,AVAX,USD,AVAX-USDT,USDT-USD,AVAX-USD
AVNT,USDT,USDT,USD,AVNT,USD,AVNT-USDT,USDT-USD,AVNT-USD
AXS,USDT,USDT,EUR,AXS,EUR,AXS-USDT,USDT-EUR,AXS-EUR
AXS,USDT,USDT,USD,AXS,USD,AXS-USDT,USDT-USD,AXS-USD
BABY,USDT,USDT,USD,BABY,USD,BABY-USDT,USDT-USD,BABY-USD
BABYDOGE,USDT,USDT,USD,BABYDOGE,USD,BABYDOGE-USDT,USDT-USD,BABYDOGE-USD
BANANA,USDT,USDT,USD,BANANA,USD,BANANA-USDT,USDT-USD,BANANA-USD
BAND,USDT,USDT,USD,BAND,USD,BAND-USDT,USDT-USD,BAND-USD
BARD,USDT,USDT,USD,BARD,USD,BARD-USDT,USDT-USD,BARD-USD
BAT,USDT,USDT,EUR,BAT,EUR,BAT-USDT,USDT-EUR,BAT-EUR
BAT,USDT,USDT,USD,BAT,USD,BAT-USDT,USDT-USD,BAT-USD
BCH,USDC,USDC,USDT,BCH,USDT,BCH-USDC,USDC-USDT,BCH-USDT
BCH,USDT,USDT,USD,BCH,USD,BCH-USDT,USDT-USD,BCH-USD
BERA,USDT,USDT,USD,BERA,USD,BERA-USDT,USDT-USD,BERA-USD
BETH,ETH,ETH,USDT,BETH,USDT,BETH-ETH,ETH-USDT,BETH-USDT
BICO,USDT,USDT,USD,BICO,USD,BICO-USDT,USDT-USD,BICO-USD
BIGTIME,USDT,USDT,USD,BIGTIME,USD,BIGTIME-USDT,USDT-USD,BIGTIME-USD
BIO,USDT,USDT,USD,BIO,USD,BIO-USDT,USDT-USD,BIO-USD
BLUR,USDT,USDT,USD,BLUR,USD,BLUR-USDT,USDT-USD,BLUR-USD
BNB,USDC,USDC,EUR,BNB,EUR,BNB-USDC,USDC-EUR,BNB-EUR
BNB,USDC,USDC,USDT,BNB,USDT,BNB-USDC,USDC-USDT,BNB-USDT
BNB,USDT,USDT,EUR,BNB,EUR,BNB-USDT,USDT-EUR,BNB-EUR
BNB,USDT,USDT,USD,BNB,USD,BNB-USDT,USDT-USD,BNB-USD
BNT,USDT,USDT,USD,BNT,USD,BNT-USDT,USDT-USD,BNT-USD
BOME,USDT,USDT,USD,BOME,USD,BOME-USDT,USDT-USD,BOME-USD
BONK,USDT,USDT,USD,BONK,USD,BONK-USDT,USDT-USD,BONK-USD
BTC,USDC,USDC,AUD,BTC,AUD,BTC-USDC,USDC-AUD,BTC-AUD
BTC,USDC,USDC,BRL,BTC,BRL,BTC-USDC,USDC-BRL,BTC-BRL
BTC,USDC,USDC,EUR,BTC,EUR,BTC-USDC,USDC-EUR,BTC-EUR
BTC,USDC,USDC,USDT,BTC,USDT,BTC-USDC,USDC-USDT,BTC-USDT
BTC,USDT,USDT,AED,BTC,AED,BTC-USDT,USDT-AED,BTC-AED
BTC,USDT,USDT,AUD,BTC,AUD,BTC-USDT,USDT-AUD,BTC-AUD
BTC,USDT,USDT,BRL,BTC,BRL,BTC-USDT,USDT-BRL,BTC-BRL
BTC,USDT,USDT,EUR,BTC,EUR,BTC-USDT,USDT-EUR,BTC-EUR
BTC,USDT,USDT,TRY,BTC,TRY,BTC-USDT,USDT-TRY,BTC-TRY
BTC,USDT,USDT,USD,BTC,USD,BTC-USDT,USDT-USD,BTC-USD
CAT,USDT,USDT,USD,CAT,USD,CAT-USDT,USDT-USD,CAT-USD
CATI,USDT,USDT,USD,CATI,USD,CATI-USDT,USDT-USD,CATI-USD
CELO,USDT,USDT,USD,CELO,USD,CELO-USDT,USDT-USD,CELO-USD
CELR,USDT,USDT,USD,CELR,USD,CELR-USDT,USDT-USD,CELR-USD
CETUS,USDT,USDT,USD,CETUS,USD,CETUS-USDT,USDT-USD,CETUS-USD
CFG,USDT,USDT,USD,CFG,USD,CFG-USDT,USDT-USD,CFG-USD
CFX,USDT,USDT,USD,CFX,USD,CFX-USDT,USDT-USD,CFX-USD
CHZ,USDT,USDT,EUR,CHZ,EUR,CHZ-USDT,USDT-EUR,CHZ-EUR
CHZ,USDT,USDT,USD,CHZ,USD,CHZ-USDT,USDT-USD,CHZ-USD
CITY,USDT,USDT,USD,CITY,USD,CITY-USDT,USDT-USD,CITY-USD
COMP,USDT,USDT,EUR,COMP,EUR,COMP-USDT,USDT-EUR,COMP-EUR
COMP,USDT,USDT,USD,COMP,USD,COMP-USDT,USDT-USD,COMP-USD
CORE,USDT,USDT,USD,CORE,USD,CORE-USDT,USDT-USD,CORE-USD
CRO,USDT,USDT,EUR,CRO,EUR,CRO-USDT,USDT-EUR,CRO-EUR
CRO,USDT,USDT,USD,CRO,USD,CRO-USDT,USDT-USD,CRO-USD
CRV,USDT,USDT,EUR,CRV,EUR,CRV-USDT,USDT-EUR,CRV-EUR
CRV,USDT,USDT,USD,CRV,USD,CRV-USDT,USDT-USD,CRV-USD
CSPR,USDT,USDT,USD,CSPR,USD,CSPR-USDT,USDT-USD,CSPR-USD
CTC,USDT,USDT,USD,CTC,USD,CTC-USDT,USDT-USD,CTC-USD
CVC,USDT,USDT,USD,CVC,USD,CVC-USDT,USDT-USD,CVC-USD
CVX,USDT,USDT,USD,CVX,USD,CVX-USDT,USDT-USD,CVX-USD
CXT,USDT,USDT,USD,CXT,USD,CXT-USDT,USDT-USD,CXT-USD
DAI,USDT,USDT,USD,DAI,USD,DAI-USDT,USDT-USD,DAI-USD
DAO,USDT,USDT,USD,DAO,USD,DAO-USDT,USDT-USD,DAO-USD
DASH,USDT,USDT,USD,DASH,USD,DASH-USDT,USDT-USD,DASH-USD
DEGEN,USDT,USDT,USD,DEGEN,USD,DEGEN-USDT,USDT-USD,DEGEN-USD
DGB,USDT,USDT,USD,DGB,USD,DGB-USDT,USDT-USD,DGB-USD
DOGE,USDC,USDC,EUR,DOGE,EUR,DOGE-USDC,USDC-EUR,DOGE-EUR
DOGE,USDC,USDC,USDT,DOGE,USDT,DOGE-USDC,USDC-USDT,DOGE-USDT
DOGE,USDT,USDT,EUR,DOGE,EUR,DOGE-USDT,USDT-EUR,DOGE-EUR
DOGE,USDT,USDT,USD,DOGE,USD,DOGE-USDT,USDT-USD,DOGE-USD
DOGS,USDT,USDT,USD,DOGS,USD,DOGS-USDT,USDT-USD,DOGS-USD
DOOD,USDT,USDT,USD,DOOD,USD,DOOD-USDT,USDT-USD,DOOD-USD
DOT,USDC,USDC,EUR,DOT,EUR,DOT-USDC,USDC-EUR,DOT-EUR
DOT,USDC,USDC,USDT,DOT,USDT,DOT-USDC,USDC-USDT,DOT-USDT
DOT,USDT,USDT,EUR,DOT,EUR,DOT-USDT,USDT-EUR,DOT-EUR
DOT,USDT,USDT,USD,DOT,USD,DOT-USDT,USDT-USD,DOT-USD
DUCK,USDT,USDT,USD,DUCK,USD,DUCK-USDT,USDT-USD,DUCK-USD
DYDX,USDT,USDT,EUR,DYDX,EUR,DYDX-USDT,USDT-EUR,DYDX-EUR
DYDX,USDT,USDT,USD,DYDX,USD,DYDX-USDT,USDT-USD,DYDX-USD
EGLD,USDT,USDT,EUR,EGLD,EUR,EGLD-USDT,USDT-EUR,EGLD-EUR
EGLD,USDT,USDT,USD,EGLD,USD,EGLD-USDT,USDT-USD,EGLD-USD
EIGEN,USDT,USDT,USD,EIGEN,USD,EIGEN-USDT,USDT-USD,EIGEN-USD
ELF,USDT,USDT,USD,ELF,USD,ELF-USDT,USDT-USD,ELF-USD
ELON,USDT,USDT,USD,ELON,USD,ELON-USDT,USDT-USD,ELON-USD
ENA,USDT,USDT,USD,ENA,USD,ENA-USDT,USDT-USD,ENA-USD
ENJ,USDT,USDT,USD,ENJ,USD,ENJ-USDT,USDT-USD,ENJ-USD
ENS,USDT,USDT,USD,ENS,USD,ENS-USDT,USDT-USD,ENS-USD
ETC,USDT,USDT,USD,ETC,USD,ETC-USDT,USDT-USD,ETC-USD
ETH,BTC,BTC,AED,ETH,AED,ETH-BTC,BTC-AED,ETH-AED
ETH,BTC,BTC,AUD,ETH,AUD,ETH-BTC,BTC-AUD,ETH-AUD
ETH,BTC,BTC,BRL,ETH,BRL,ETH-BTC,BTC-BRL,ETH-BRL
ETH,BTC,BTC,EUR,ETH,EUR,ETH-BTC,BTC-EUR,ETH-EUR
ETH,BTC,BTC,TRY,ETH,TRY,ETH-BTC,BTC-TRY,ETH-TRY
ETH,BTC,BTC,USD,ETH,USD,ETH-BTC,BTC-USD,ETH-USD
ETH,BTC,BTC,USDC,ETH,USDC,ETH-BTC,BTC-USDC,ETH-USDC
ETH,BTC,BTC,USDT,ETH,USDT,ETH-BTC,BTC-USDT,ETH-USDT
ETH,USDC,USDC,AUD,ETH,AUD,ETH-USDC,USDC-AUD,ETH-AUD
ETH,USDC,USDC,BRL,ETH,BRL,ETH-USDC,USDC-BRL,ETH-BRL
ETH,USDC,USDC,EUR,ETH,EUR,ETH-USDC,USDC-EUR,ETH-EUR
ETH,USDC,USDC,USDT,ETH,USDT,ETH-USDC,USDC-USDT,ETH-USDT
ETH,USDT,USDT,AED,ETH,AED,ETH-USDT,USDT-AED,ETH-AED
ETH,USDT,USDT,AUD,ETH,AUD,ETH-USDT,USDT-AUD,ETH-AUD
ETH,USDT,USDT,BRL,ETH,BRL,ETH-USDT,USDT-BRL,ETH-BRL
ETH,USDT,USDT,EUR,ETH,EUR,ETH-USDT,USDT-EUR,ETH-EUR
ETH,USDT,USDT,TRY,ETH,TRY,ETH-USDT,USDT-TRY,ETH-TRY
ETH,USDT,USDT,USD,ETH,USD,ETH-USDT,USDT-USD,ETH-USD
ETHFI,USDT,USDT,USD,ETHFI,USD,ETHFI-USDT,USDT-USD,ETHFI-USD
ETHW,USDT,USDT,USD,ETHW,USD,ETHW-USDT,USDT-USD,ETHW-USD
FET,USDC,USDC,EUR,FET,EUR,FET-USDC,USDC-EUR,FET-EUR
FET,USDC,USDC,USDT,FET,USDT,FET-USDC,USDC-USDT,FET-USDT
FET,USDT,USDT,EUR,FET,EUR,FET-USDT,USDT-EUR,FET-EUR
FIL,USDC,USDC,USDT,FIL,USDT,FIL-USDC,USDC-USDT,FIL-USDT
FIL,USDT,USDT,USD,FIL,USD,FIL-USDT,USDT-USD,FIL-USD
FLOKI,USDT,USDT,USD,FLOKI,USD,FLOKI-USDT,USDT-USD,FLOKI-USD
FLOW,USDT,USDT,EUR,FLOW,EUR,FLOW-USDT,USDT-EUR,FLOW-EUR
FLOW,USDT,USDT,USD,FLOW,USD,FLOW-USDT,USDT-USD,FLOW-USD
FLR,USDT,USDT,EUR,FLR,EUR,FLR-USDT,USDT-EUR,FLR-EUR
FLR,USDT,USDT,USD,FLR,USD,FLR-USDT,USDT-USD,FLR-USD
FLUID,USDT,USDT,USD,FLUID,USD,FLUID-USDT,USDT-USD,FLUID-USD
FXS,USDT,USDT,EUR,FXS,EUR,FXS-USDT,USDT-EUR,FXS-EUR
G,USDT,USDT,USD,G,USD,G-USDT,USDT-USD,G-USD
GALA,USDT,USDT,USD,GALA,USD,GALA-USDT,USDT-USD,GALA-USD
GAS,USDT,USDT,USD,GAS,USD,GAS-USDT,USDT-USD,GAS-USD
GEAR,USDT,USDT,USD,GEAR,USD,GEAR-USDT,USDT-USD,GEAR-USD
GHST,USDT,USDT,USD,GHST,USD,GHST-USDT,USDT-USD,GHST-USD
GLM,USDT,USDT,USD,GLM,USD,GLM-USDT,USDT-USD,GLM-USD
GMT,USDT,USDT,USD,GMT,USD,GMT-USDT,USDT-USD,GMT-USD
GOAT,USDT,USDT,USD,GOAT,USD,GOAT-USDT,USDT-USD,GOAT-USD
GODS,USDT,USDT,USD,GODS,USD,GODS-USDT,USDT-USD,GODS-USD
GRT,USDT,USDT,EUR,GRT,EUR,GRT-USDT,USDT-EUR,GRT-EUR
GRT,USDT,USDT,USD,GRT,USD,GRT-USDT,USDT-USD,GRT-USD
HBAR,USDT,USDT,EUR,HBAR,EUR,HBAR-USDT,USDT-EUR,HBAR-EUR
HBAR,USDT,USDT,USD,HBAR,USD,HBAR-USDT,USDT-USD,HBAR-USD
HMSTR,USDT,USDT,USD,HMSTR,USD,HMSTR-USDT,USDT-USD,HMSTR-USD
HUMA,USDT,USDT,USD,HUMA,USD,HUMA-USDT,USDT-USD,HUMA-USD
HYPE,USDC,USDC,EUR,HYPE,EUR,HYPE-USDC,USDC-EUR,HYPE-EUR
HYPE,USDC,USDC,USDT,HYPE,USDT,HYPE-USDC,USDC-USDT,HYPE-USDT
HYPE,USDT,USDT,EUR,HYPE,EUR,HYPE-USDT,USDT-EUR,HYPE-EUR
HYPE,USDT,USDT,USD,HYPE,USD,HYPE-USDT,USDT-USD,HYPE-USD
ICP,USDT,USDT,EUR,ICP,EUR,ICP-USDT,USDT-EUR,ICP-EUR
ICP,USDT,USDT,USD,ICP,USD,ICP-USDT,USDT-USD,ICP-USD
ICX,USDT,USDT,USD,ICX,USD,ICX-USDT,USDT-USD,ICX-USD
ID,USDT,USDT,USD,ID,USD,ID-USDT,USDT-USD,ID-USD
ILV,USDT,USDT,USD,ILV,USD,ILV-USDT,USDT-USD,ILV-USD
IMX,USDT,USDT,EUR,IMX,EUR,IMX-USDT,USDT-EUR,IMX-EUR
IMX,USDT,USDT,USD,IMX,USD,IMX-USDT,USDT-USD,IMX-USD
INJ,USDC,USDC,EUR,INJ,EUR,INJ-USDC,USDC-EUR,INJ-EUR
INJ,USDC,USDC,USDT,INJ,USDT,INJ-USDC,USDC-USDT,INJ-USDT
INJ,USDT,USDT,EUR,INJ,EUR,INJ-USDT,USDT-EUR,INJ-EUR
IOST,USDT,USDT,USD,IOST,USD,IOST-USDT,USDT-USD,IOST-USD
IOTA,USDC,USDC,USDT,IOTA,USDT,IOTA-USDC,USDC-USDT,IOTA-USDT
IOTA,USDT,USDT,USD,IOTA,USD,IOTA-USDT,USDT-USD,IOTA-USD
IP,USDC,USDC,USDT,IP,USDT,IP-USDC,USDC-USDT,IP-USDT
IP,USDT,USDT,USD,IP,USD,IP-USDT,USDT-USD,IP-USD
JOE,USDT,USDT,USD,JOE,USD,JOE-USDT,USDT-USD,JOE-USD
JTO,USDT,USDT,EUR,JTO,EUR,JTO-USDT,USDT-EUR,JTO-EUR
JTO,USDT,USDT,USD,JTO,USD,JTO-USDT,USDT-USD,JTO-USD
JUP,USDT,USDT,USD,JUP,USD,JUP-USDT,USDT-USD,JUP-USD
KAIA,USDT,USDT,USD,KAIA,USD,KAIA-USDT,USDT-USD,KAIA-USD
KAITO,USDT,USDT,USD,KAITO,USD,KAITO-USDT,USDT-USD,KAITO-USD
KITE,USDT,USDT,USD,KITE,USD,KITE-USDT,USDT-USD,KITE-USD
KMNO,USDT,USDT,USD,KMNO,USD,KMNO-USDT,USDT-USD,KMNO-USD
KNC,USDT,USDT,USD,KNC,USD,KNC-USDT,USDT-USD,KNC-USD
KSM,USDT,USDT,USD,KSM,USD,KSM-USDT,USDT-USD,KSM-USD
LAT,USDT,USDT,USD,LAT,USD,LAT-USDT,USDT-USD,LAT-USD
LAYER,USDT,USDT,USD,LAYER,USD,LAYER-USDT,USDT-USD,LAYER-USD
LDO,USDT,USDT,EUR,LDO,EUR,LDO-USDT,USDT-EUR,LDO-EUR
LDO,USDT,USDT,USD,LDO,USD,LDO-USDT,USDT-USD,LDO-USD
LEO,USDT,USDT,USD,LEO,USD,LEO-USDT,USDT-USD,LEO-USD
LINEA,USDT,USDT,USD,LINEA,USD,LINEA-USDT,USDT-USD,LINEA-USD
LINK,USDC,USDC,EUR,LINK,EUR,LINK-USDC,USDC-EUR,LINK-EUR
LINK,USDC,USDC,USDT,LINK,USDT,LINK-USDC,USDC-USDT,LINK-USDT
LINK,USDT,USDT,EUR,LINK,EUR,LINK-USDT,USDT-EUR,LINK-EUR
LINK,USDT,USDT,USD,LINK,USD,LINK-USDT,USDT-USD,LINK-USD
LPT,USDT,USDT,USD,LPT,USD,LPT-USDT,USDT-USD,LPT-USD
LQTY,USDT,USDT,USD,LQTY,USD,LQTY-USDT,USDT-USD,LQTY-USD
LRC,USDT,USDT,USD,LRC,USD,LRC-USDT,USDT-USD,LRC-USD
LSK,USDT,USDT,USD,LSK,USD,LSK-USDT,USDT-USD,LSK-USD
LTC,USDC,USDC,EUR,LTC,EUR,LTC-USDC,USDC-EUR,LTC-EUR
LTC,USDC,USDC,USDT,LTC,USDT,LTC-USDC,USDC-USDT,LTC-USDT
LTC,USDT,USDT,EUR,LTC,EUR,LTC-USDT,USDT-EUR,LTC-EUR
LTC,USDT,USDT,USD,LTC,USD,LTC-USDT,USDT-USD,LTC-USD
LUNA,USDT,USDT,USD,LUNA,USD,LUNA-USDT,USDT-USD,LUNA-USD
MAGIC,USDT,USDT,USD,MAGIC,USD,MAGIC-USDT,USDT-USD,MAGIC-USD
MAJOR,USDT,USDT,USD,MAJOR,USD,MAJOR-USDT,USDT-USD,MAJOR-USD
MANA,USDT,USDT,EUR,MANA,EUR,MANA-USDT,USDT-EUR,MANA-EUR
MANA,USDT,USDT,USD,MANA,USD,MANA-USDT,USDT-USD,MANA-USD
MASK,USDT,USDT,USD,MASK,USD,MASK-USDT,USDT-USD,MASK-USD
ME,USDT,USDT,USD,ME,USD,ME-USDT,USDT-USD,ME-USD
MEME,USDT,USDT,USD,MEME,USD,MEME-USDT,USDT-USD,MEME-USD
MEMEFI,USDT,USDT,USD,MEMEFI,USD,MEMEFI-USDT,USDT-USD,MEMEFI-USD
MENGO,USDT,USDT,USD,MENGO,USD,MENGO-USDT,USDT-USD,MENGO-USD
MERL,USDT,USDT,USD,MERL,USD,MERL-USDT,USDT-USD,MERL-USD
MET,USDT,USDT,USD,MET,USD,MET-USDT,USDT-USD,MET-USD
METIS,USDT,USDT,USD,METIS,USD,METIS-USDT,USDT-USD,METIS-USD
MEW,USDT,USDT,USD,MEW,USD,MEW-USDT,USDT-USD,MEW-USD
MINA,USDT,USDT,EUR,MINA,EUR,MINA-USDT,USDT-EUR,MINA-EUR
MINA,USDT,USDT,USD,MINA,USD,MINA-USDT,USDT-USD,MINA-USD
MMT,USDT,USDT,USD,MMT,USD,MMT-USDT,USDT-USD,MMT-USD
MOODENG,USDT,USDT,USD,MOODENG,USD,MOODENG-USDT,USDT-USD,MOODENG-USD
MORPHO,USDT,USDT,USD,MORPHO,USD,MORPHO-USDT,USDT-USD,MORPHO-USD
MOVE,USDT,USDT,USD,MOVE,USD,MOVE-USDT,USDT-USD,MOVE-USD
NAVX,USDT,USDT,USD,NAVX,USD,NAVX-USDT,USDT-USD,NAVX-USD
NEAR,USDT,USDT,USD,NEAR,USD,NEAR-USDT,USDT-USD,NEAR-USD
NEIRO,USDT,USDT,USD,NEIRO,USD,NEIRO-USDT,USDT-USD,NEIRO-USD
NEO,USDC,USDC,EUR,NEO,EUR,NEO-USDC,USDC-EUR,NEO-EUR
NEO,USDC,USDC,USDT,NEO,USDT,NEO-USDC,USDC-USDT,NEO-USDT
NEO,USDT,USDT,EUR,NEO,EUR,NEO-USDT,USDT-EUR,NEO-EUR
NEO,USDT,USDT,USD,NEO,USD,NEO-USDT,USDT-USD,NEO-USD
NIGHT,USDT,USDT,USD,NIGHT,USD,NIGHT-USDT,USDT-USD,NIGHT-USD
NMR,USDT,USDT,USD,NMR,USD,NMR-USDT,USDT-USD,NMR-USD
NOT,USDT,USDT,USD,NOT,USD,NOT-USDT,USDT-USD,NOT-USD
OKB,BTC,BTC,USDT,OKB,USDT,OKB-BTC,BTC-USDT,OKB-USDT
OKSOL,SOL,SOL,USDT,OKSOL,USDT,OKSOL-SOL,SOL-USDT,OKSOL-USDT
OL,USDT,USDT,USD,OL,USD,OL-USDT,USDT-USD,OL-USD
OM,USDT,USDT,USD,OM,USD,OM-USDT,USDT-USD,OM-USD
OMI,USDT,USDT,USD,OMI,USD,OMI-USDT,USDT-USD,OMI-USD
ONDO,USDT,USDT,USD,ONDO,USD,ONDO-USDT,USDT-USD,ONDO-USD
ONE,USDT,USDT,USD,ONE,USD,ONE-USDT,USDT-USD,ONE-USD
ONT,USDT,USDT,USD,ONT,USD,ONT-USDT,USDT-USD,ONT-USD
OP,USDT,USDT,EUR,OP,EUR,OP-USDT,USDT-EUR,OP-EUR
OP,USDT,USDT,USD,OP,USD,OP-USDT,USDT-USD,OP-USD
ORBS,USDT,USDT,USD,ORBS,USD,ORBS-USDT,USDT-USD,ORBS-USD
ORDI,USDT,USDT,USD,ORDI,USD,ORDI-USDT,USDT-USD,ORDI-USD
PARTI,USDT,USDT,USD,PARTI,USD,PARTI-USDT,USDT-USD,PARTI-USD
PAXG,USDT,USDT,USD,PAXG,USD,PAXG-USDT,USDT-USD,PAXG-USD
PENDLE,USDT,USDT,USD,PENDLE,USD,PENDLE-USDT,USDT-USD,PENDLE-USD
PENGU,USDC,USDC,USDT,PENGU,USDT,PENGU-USDC,USDC-USDT,PENGU-USDT
PENGU,USDT,USDT,USD,PENGU,USD,PENGU-USDT,USDT-USD,PENGU-USD
PEOPLE,USDT,USDT,USD,PEOPLE,USD,PEOPLE-USDT,USDT-USD,PEOPLE-USD
PEPE,USDC,USDC,BRL,PEPE,BRL,PEPE-USDC,USDC-BRL,PEPE-BRL
PEPE,USDC,USDC,USDT,PEPE,USDT,PEPE-USDC,USDC-USDT,PEPE-USDT
PEPE,USDT,USDT,BRL,PEPE,BRL,PEPE-USDT,USDT-BRL,PEPE-BRL
PEPE,USDT,USDT,USD,PEPE,USD,PEPE-USDT,USDT-USD,PEPE-USD
PHA,USDT,USDT,USD,PHA,USD,PHA-USDT,USDT-USD,PHA-USD
PI,USDC,USDC,BRL,PI,BRL,PI-USDC,USDC-BRL,PI-BRL
PI,USDC,USDC,EUR,PI,EUR,PI-USDC,USDC-EUR,PI-EUR
PI,USDC,USDC,USDT,PI,USDT,PI-USDC,USDC-USDT,PI-USDT
PI,USDT,USDT,BRL,PI,BRL,PI-USDT,USDT-BRL,PI-BRL
PI,USDT,USDT,EUR,PI,EUR,PI-USDT,USDT-EUR,PI-EUR
PI,USDT,USDT,TRY,PI,TRY,PI-USDT,USDT-TRY,PI-TRY
PI,USDT,USDT,USD,PI,USD,PI-USDT,USDT-USD,PI-USD
PIXEL,USDT,USDT,USD,PIXEL,USD,PIXEL-USDT,USDT-USD,PIXEL-USD
PNUT,USDT,USDT,USD,PNUT,USD,PNUT-USDT,USDT-USD,PNUT-USD
POL,USDT,USDT,USD,POL,USD,POL-USDT,USDT-USD,POL-USD
POR,USDT,USDT,USD,POR,USD,POR-USDT,USDT-USD,POR-USD
PRCL,USDT,USDT,USD,PRCL,USD,PRCL-USDT,USDT-USD,PRCL-USD
PROMPT,USDT,USDT,USD,PROMPT,USD,PROMPT-USDT,USDT-USD,PROMPT-USD
PROVE,USDT,USDT,USD,PROVE,USD,PROVE-USDT,USDT-USD,PROVE-USD
PUMP,USDT,USDT,USD,PUMP,USD,PUMP-USDT,USDT-USD,PUMP-USD
PYTH,USDT,USDT,USD,PYTH,USD,PYTH-USDT,USDT-USD,PYTH-USD
QTUM,USDT,USDT,USD,QTUM,USD,QTUM-USDT,USDT-USD,QTUM-USD
RAY,USDT,USDT,USD,RAY,USD,RAY-USDT,USDT-USD,RAY-USD
RDNT,USDT,USDT,USD,RDNT,USD,RDNT-USDT,USDT-USD,RDNT-USD
RENDER,USDT,USDT,USD,RENDER,USD,RENDER-USDT,USDT-USD,RENDER-USD
RESOLV,USDT,USDT,USD,RESOLV,USD,RESOLV-USDT,USDT-USD,RESOLV-USD
RIO,USDT,USDT,USD,RIO,USD,RIO-USDT,USDT-USD,RIO-USD
RON,USDT,USDT,USD,RON,USD,RON-USDT,USDT-USD,RON-USD
RPL,USDT,USDT,USD,RPL,USD,RPL-USDT,USDT-USD,RPL-USD
RSR,USDT,USDT,USD,RSR,USD,RSR-USDT,USDT-USD,RSR-USD
RSS3,USDT,USDT,USD,RSS3,USD,RSS3-USDT,USDT-USD,RSS3-USD
RVN,USDT,USDT,USD,RVN,USD,RVN-USDT,USDT-USD,RVN-USD
S,USDT,USDT,USD,S,USD,S-USDT,USDT-USD,S-USD
SAFE,USDT,USDT,USD,SAFE,USD,SAFE-USDT,USDT-USD,SAFE-USD
SAHARA,USDT,USDT,USD,SAHARA,USD,SAHARA-USDT,USDT-USD,SAHARA-USD
SAND,USDT,USDT,EUR,SAND,EUR,SAND-USDT,USDT-EUR,SAND-EUR
SAND,USDT,USDT,USD,SAND,USD,SAND-USDT,USDT-USD,SAND-USD
SATS,USDT,USDT,USD,SATS,USD,SATS-USDT,USDT-USD,SATS-USD
SCR,USDT,USDT,USD,SCR,USD,SCR-USDT,USDT-USD,SCR-USD
SD,USDT,USDT,USD,SD,USD,SD-USDT,USDT-USD,SD-USD
SEI,USDT,USDT,USD,SEI,USD,SEI-USDT,USDT-USD,SEI-USD
SHIB,USDT,USDT,EUR,SHIB,EUR,SHIB-USDT,USDT-EUR,SHIB-EUR
SHIB,USDT,USDT,USD,SHIB,USD,SHIB-USDT,USDT-USD,SHIB-USD
SKL,USDT,USDT,USD,SKL,USD,SKL-USDT,USDT-USD,SKL-USD
SKY,USDT,USDT,USD,SKY,USD,SKY-USDT,USDT-USD,SKY-USD
SLP,USDT,USDT,USD,SLP,USD,SLP-USDT,USDT-USD,SLP-USD
SNT,USDT,USDT,USD,SNT,USD,SNT-USDT,USDT-USD,SNT-USD
SNX,USDC,USDC,EUR,SNX,EUR,SNX-USDC,USDC-EUR,SNX-EUR
SNX,USDC,USDC,USDT,SNX,USDT,SNX-USDC,USDC-USDT,SNX-USDT
SNX,USDT,USDT,EUR,SNX,EUR,SNX-USDT,USDT-EUR,SNX-EUR
SNX,USDT,USDT,USD,SNX,USD,SNX-USDT,USDT-USD,SNX-USD
SOL,BTC,BTC,AED,SOL,AED,SOL-BTC,BTC-AED,SOL-AED
SOL,BTC,BTC,AUD,SOL,AUD,SOL-BTC,BTC-AUD,SOL-AUD
SOL,BTC,BTC,BRL,SOL,BRL,SOL-BTC,BTC-BRL,SOL-BRL
SOL,BTC,BTC,EUR,SOL,EUR,SOL-BTC,BTC-EUR,SOL-EUR
SOL,BTC,BTC,TRY,SOL,TRY,SOL-BTC,BTC-TRY,SOL-TRY
SOL,BTC,BTC,USD,SOL,USD,SOL-BTC,BTC-USD,SOL-USD
SOL,BTC,BTC,USDC,SOL,USDC,SOL-BTC,BTC-USDC,SOL-USDC
SOL,BTC,BTC,USDT,SOL,USDT,SOL-BTC,BTC-USDT,SOL-USDT
SOL,USDC,USDC,AUD,SOL,AUD,SOL-USDC,USDC-AUD,SOL-AUD
SOL,USDC,USDC,BRL,SOL,BRL,SOL-USDC,USDC-BRL,SOL-BRL
SOL,USDC,USDC,EUR,SOL,EUR,SOL-USDC,USDC-EUR,SOL-EUR
SOL,USDC,USDC,USDT,SOL,USDT,SOL-USDC,USDC-USDT,SOL-USDT
SOL,USDT,USDT,AED,SOL,AED,SOL-USDT,USDT-AED,SOL-AED
SOL,USDT,USDT,AUD,SOL,AUD,SOL-USDT,USDT-AUD,SOL-AUD
SOL,USDT,USDT,BRL,SOL,BRL,SOL-USDT,USDT-BRL,SOL-BRL
SOL,USDT,USDT,EUR,SOL,EUR,SOL-USDT,USDT-EUR,SOL-EUR
SOL,USDT,USDT,TRY,SOL,TRY,SOL-USDT,USDT-TRY,SOL-TRY
SOL,USDT,USDT,USD,SOL,USD,SOL-USDT,USDT-USD,SOL-USD
SONIC,USDT,USDT,USD,SONIC,USD,SONIC-USDT,USDT-USD,SONIC-USD
SOPH,USDT,USDT,USD,SOPH,USD,SOPH-USDT,USDT-USD,SOPH-USD
SPK,USDT,USDT,USD,SPK,USD,SPK-USDT,USDT-USD,SPK-USD
SPURS,USDT,USDT,USD,SPURS,USD,SPURS-USDT,USDT-USD,SPURS-USD
SSV,USDT,USDT,USD,SSV,USD,SSV-USDT,USDT-USD,SSV-USD
STETH,ETH,ETH,USD,STETH,USD,STETH-ETH,ETH-USD,STETH-USD
STETH,ETH,ETH,USDT,STETH,USDT,STETH-ETH,ETH-USDT,STETH-USDT
STETH,USDT,USDT,USD,STETH,USD,STETH-USDT,USDT-USD,STETH-USD
STORJ,USDT,USDT,USD,STORJ,USD,STORJ-USDT,USDT-USD,STORJ-USD
STRK,USDT,USDT,USD,STRK,USD,STRK-USDT,USDT-USD,STRK-USD
STX,USDT,USDT,EUR,STX,EUR,STX-USDT,USDT-EUR,STX-EUR
STX,USDT,USDT,USD,STX,USD,STX-USDT,USDT-USD,STX-USD
SUI,USDC,USDC,EUR,SUI,EUR,SUI-USDC,USDC-EUR,SUI-EUR
SUI,USDC,USDC,USDT,SUI,USDT,SUI-USDC,USDC-USDT,SUI-USDT
SUI,USDT,USDT,EUR,SUI,EUR,SUI-USDT,USDT-EUR,SUI-EUR
SUI,USDT,USDT,USD,SUI,USD,SUI-USDT,USDT-USD,SUI-USD
SUSHI,USDT,USDT,EUR,SUSHI,EUR,SUSHI-USDT,USDT-EUR,SUSHI-EUR
SUSHI,USDT,USDT,USD,SUSHI,USD,SUSHI-USDT,USDT-USD,SUSHI-USD
SWEAT,USDT,USDT,USD,SWEAT,USD,SWEAT-USDT,USDT-USD,SWEAT-USD
SWFTC,USDT,USDT,USD,SWFTC,USD,SWFTC-USDT,USDT-USD,SWFTC-USD
T,USDT,USDT,USD,T,USD,T-USDT,USDT-USD,T-USD
THETA,USDC,USDC,EUR,THETA,EUR,THETA-USDC,USDC-EUR,THETA-EUR
THETA,USDC,USDC,USDT,THETA,USDT,THETA-USDC,USDC-USDT,THETA-USDT
THETA,USDT,USDT,EUR,THETA,EUR,THETA-USDT,USDT-EUR,THETA-EUR
THETA,USDT,USDT,USD,THETA,USD,THETA-USDT,USDT-USD,THETA-USD
TIA,USDT,USDT,USD,TIA,USD,TIA-USDT,USDT-USD,TIA-USD
TNSR,USDT,USDT,USD,TNSR,USD,TNSR-USDT,USDT-USD,TNSR-USD
TON,USDC,USDC,EUR,TON,EUR,TON-USDC,USDC-EUR,TON-EUR
TON,USDC,USDC,USDT,TON,USDT,TON-USDC,USDC-USDT,TON-USDT
TON,USDT,USDT,EUR,TON,EUR,TON-USDT,USDT-EUR,TON-EUR
TON,USDT,USDT,USD,TON,USD,TON-USDT,USDT-USD,TON-USD
TOSHI,USDT,USDT,USD,TOSHI,USD,TOSHI-USDT,USDT-USD,TOSHI-USD
TRA,USDT,USDT,USD,TRA,USD,TRA-USDT,USDT-USD,TRA-USD
TRB,USDT,USDT,USD,TRB,USD,TRB-USDT,USDT-USD,TRB-USD
TRUMP,USDT,USDT,AUD,TRUMP,AUD,TRUMP-USDT,USDT-AUD,TRUMP-AUD
TRUMP,USDT,USDT,BRL,TRUMP,BRL,TRUMP-USDT,USDT-BRL,TRUMP-BRL
TRUMP,USDT,USDT,EUR,TRUMP,EUR,TRUMP-USDT,USDT-EUR,TRUMP-EUR
TRUMP,USDT,USDT,TRY,TRUMP,TRY,TRUMP-USDT,USDT-TRY,TRUMP-TRY
TRUMP,USDT,USDT,USD,TRUMP,USD,TRUMP-USDT,USDT-USD,TRUMP-USD
TRX,USDC,USDC,EUR,TRX,EUR,TRX-USDC,USDC-EUR,TRX-EUR
TRX,USDC,USDC,USDT,TRX,USDT,TRX-USDC,USDC-USDT,TRX-USDT
TRX,USDT,USDT,EUR,TRX,EUR,TRX-USDT,USDT-EUR,TRX-EUR
TRX,USDT,USDT,USD,TRX,USD,TRX-USDT,USDT-USD,TRX-USD
TURBO,USDT,USDT,USD,TURBO,USD,TURBO-USDT,USDT-USD,TURBO-USD
ULTI,USDT,USDT,USD,ULTI,USD,ULTI-USDT,USDT-USD,ULTI-USD
UMA,USDT,USDT,USD,UMA,USD,UMA-USDT,USDT-USD,UMA-USD
UNI,USDC,USDC,EUR,UNI,EUR,UNI-USDC,USDC-EUR,UNI-EUR
UNI,USDC,USDC,USDT,UNI,USDT,UNI-USDC,USDC-USDT,UNI-USDT
UNI,USDT,USDT,EUR,UNI,EUR,UNI-USDT,USDT-EUR,UNI-EUR
UNI,USDT,USDT,USD,UNI,USD,UNI-USDT,USDT-USD,UNI-USD
USDC,USDT,USDT,AUD,USDC,AUD,USDC-USDT,USDT-AUD,USDC-AUD
USDC,USDT,USDT,BRL,USDC,BRL,USDC-USDT,USDT-BRL,USDC-BRL
USDC,USDT,USDT,EUR,USDC,EUR,USDC-USDT,USDT-EUR,USDC-EUR
USDC,USDT,USDT,SGD,USDC,SGD,USDC-USDT,USDT-SGD,USDC-SGD
UXLINK,USDT,USDT,USD,UXLINK,USD,UXLINK-USDT,USDT-USD,UXLINK-USD
VELO,USDT,USDT,USD,VELO,USD,VELO-USDT,USDT-USD,VELO-USD
VELODROME,USDT,USDT,USD,VELODROME,USD,VELODROME-USDT,USDT-USD,VELODROME-USD
VIRTUAL,USDT,USDT,USD,VIRTUAL,USD,VIRTUAL-USDT,USDT-USD,VIRTUAL-USD
VRA,USDT,USDT,USD,VRA,USD,VRA-USDT,USDT-USD,VRA-USD
W,USDT,USDT,USD,W,USD,W-USDT,USDT-USD,W-USD
WAXP,USDT,USDT,USD,WAXP,USD,WAXP-USDT,USDT-USD,WAXP-USD
WCT,USDT,USDT,USD,WCT,USD,WCT-USDT,USDT-USD,WCT-USD
WET,USDT,USDT,USD,WET,USD,WET-USDT,USDT-USD,WET-USD
WIF,USDC,USDC,EUR,WIF,EUR,WIF-USDC,USDC-EUR,WIF-EUR
WIF,USDC,USDC,USDT,WIF,USDT,WIF-USDC,USDC-USDT,WIF-USDT
WIF,USDT,USDT,EUR,WIF,EUR,WIF-USDT,USDT-EUR,WIF-EUR
WIF,USDT,USDT,USD,WIF,USD,WIF-USDT,USDT-USD,WIF-USD
WIN,USDT,USDT,USD,WIN,USD,WIN-USDT,USDT-USD,WIN-USD
WLD,USDT,USDT,USD,WLD,USD,WLD-USDT,USDT-USD,WLD-USD
WLFI,USDT,USDT,USD,WLFI,USD,WLFI-USDT,USDT-USD,WLFI-USD
WOO,USDT,USDT,EUR,WOO,EUR,WOO-USDT,USDT-EUR,WOO-EUR
XCH,USDT,USDT,USD,XCH,USD,XCH-USDT,USDT-USD,XCH-USD
XLM,USDC,USDC,EUR,XLM,EUR,XLM-USDC,USDC-EUR,XLM-EUR
XLM,USDC,USDC,USDT,XLM,USDT,XLM-USDC,USDC-USDT,XLM-USDT
XLM,USDT,USDT,EUR,XLM,EUR,XLM-USDT,USDT-EUR,XLM-EUR
XLM,USDT,USDT,USD,XLM,USD,XLM-USDT,USDT-USD,XLM-USD
XPL,USDT,USDT,USD,XPL,USD,XPL-USDT,USDT-USD,XPL-USD
XRP,USDC,USDC,AUD,XRP,AUD,XRP-USDC,USDC-AUD,XRP-AUD
XRP,USDC,USDC,BRL,XRP,BRL,XRP-USDC,USDC-BRL,XRP-BRL
XRP,USDC,USDC,EUR,XRP,EUR,XRP-USDC,USDC-EUR,XRP-EUR
XRP,USDC,USDC,USDT,XRP,USDT,XRP-USDC,USDC-USDT,XRP-USDT
XRP,USDT,USDT,AED,XRP,AED,XRP-USDT,USDT-AED,XRP-AED
XRP,USDT,USDT,AUD,XRP,AUD,XRP-USDT,USDT-AUD,XRP-AUD
XRP,USDT,USDT,BRL,XRP,BRL,XRP-USDT,USDT-BRL,XRP-BRL
XRP,USDT,USDT,EUR,XRP,EUR,XRP-USDT,USDT-EUR,XRP-EUR
XRP,USDT,USDT,TRY,XRP,TRY,XRP-USDT,USDT-TRY,XRP-TRY
XRP,USDT,USDT,USD,XRP,USD,XRP-USDT,USDT-USD,XRP-USD
XTZ,USDT,USDT,EUR,XTZ,EUR,XTZ-USDT,USDT-EUR,XTZ-EUR
XTZ,USDT,USDT,USD,XTZ,USD,XTZ-USDT,USDT-USD,XTZ-USD
YB,USDT,USDT,USD,YB,USD,YB-USDT,USDT-USD,YB-USD
YFI,USDT,USDT,USD,YFI,USD,YFI-USDT,USDT-USD,YFI-USD
YGG,USDT,USDT,EUR,YGG,EUR,YGG-USDT,USDT-EUR,YGG-EUR
YGG,USDT,USDT,USD,YGG,USD,YGG-USDT,USDT-USD,YGG-USD
ZBCN,USDT,USDT,USD,ZBCN,USD,ZBCN-USDT,USDT-USD,ZBCN-USD
ZEC,USDT,USDT,USD,ZEC,USD,ZEC-USDT,USDT-USD,ZEC-USD
ZEN,USDT,USDT,USD,ZEN,USD,ZEN-USDT,USDT-USD,ZEN-USD
ZENT,USDT,USDT,USD,ZENT,USD,ZENT-USDT,USDT-USD,ZENT-USD
ZETA,USDT,USDT,USD,ZETA,USD,ZETA-USDT,USDT-USD,ZETA-USD
ZEUS,USDT,USDT,USD,ZEUS,USD,ZEUS-USDT,USDT-USD,ZEUS-USD
ZIL,USDT,USDT,USD,ZIL,USD,ZIL-USDT,USDT-USD,ZIL-USD
ZK,USDT,USDT,USD,ZK,USD,ZK-USDT,USDT-USD,ZK-USD
ZKJ,USDT,USDT,USD,ZKJ,USD,ZKJ-USDT,USDT-USD,ZKJ-USD
ZORA,USDT,USDT,USD,ZORA,USD,ZORA-USDT,USDT-USD,ZORA-USD
ZRO,USDT,USDT,USD,ZRO,USD,ZRO-USDT,USDT-USD,ZRO-USD
ZRX,USDT,USDT,USD,ZRX,USD,ZRX-USDT,USDT-USD,ZRX-USD
