base1,quote1,base2,quote2,base3,quote3,symbol1,symbol2,symbol3
0G,USDC,USDC,USDT,0G,USDT,0GUSDC,USDCUSDT,0GUSDT
1INCH,USDC,USDC,USDT,1INCH,USDT,1INCHUSDC,USDCUSDT,1INCHUSDT
A,BTC,BTC,USDC,A,USDC,ABTC,BTCUSDC,AUSDC
A,BTC,BTC,USDT,A,USDT,ABTC,BTCUSDT,AUSDT
A,USDC,USDC,USDT,A,USDT,AUSDC,USDCUSDT,AUSDT
AAVE,USDC,USDC,USDT,AAVE,USDT,AAVEUSDC,USDCUSDT,AAVEUSDT
ACH,USDC,USDC,USDT,ACH,USDT,ACHUSDC,USDCUSDT,ACHUSDT
ACT,USDC,USDC,USDT,ACT,USDT,ACTUSDC,USDCUSDT,ACTUSDT
ADA,BTC,BTC,EUR,ADA,EUR,ADABTC,BTCEUR,ADAEUR
ADA,BTC,BTC,USDC,ADA,USDC,ADABTC,BTCUSDC,ADAUSDC
ADA,BTC,BTC,USDT,ADA,USDT,ADABTC,BTCUSDT,ADAUSDT
ADA,EUR,EUR,USDT,ADA,USDT,ADAEUR,EURUSDT,ADAUSDT
ADA,USDC,USDC,EUR,ADA,EUR,ADAUSDC,USDCEUR,ADAEUR
ADA,USDC,USDC,USDT,ADA,USDT,ADAUSDC,USDCUSDT,ADAUSDT
AEVO,USDC,USDC,USDT,AEVO,USDT,AEVOUSDC,USDCUSDT,AEVOUSDT
AGT,USDC,USDC,USDT,AGT,USDT,AGTUSDC,USDCUSDT,AGTUSDT
AIOT,USDC,USDC,USDT,AIOT,USDT,AIOTUSDC,USDCUSDT,AIOTUSDT
AIXBT,USDC,USDC,USDT,AIXBT,USDT,AIXBTUSDC,USDCUSDT,AIXBTUSDT
ALCH,USDC,USDC,USDT,ALCH,USDT,ALCHUSDC,USDCUSDT,ALCHUSDT
ALGO,USDC,USDC,USDT,ALGO,USDT,ALGOUSDC,USDCUSDT,ALGOUSDT
ALLO,USDC,USDC,USDT,ALLO,USDT,ALLOUSDC,USDCUSDT,ALLOUSDT
ANIME,USDC,USDC,USDT,ANIME,USDT,ANIMEUSDC,USDCUSDT,ANIMEUSDT
ANKR,BTC,BTC,USDT,ANKR,USDT,ANKRBTC,BTCUSDT,ANKRUSDT
APE,USDC,USDC,USDT,APE,USDT,APEUSDC,USDCUSDT,APEUSDT
API3,USDC,USDC,USDT,API3,USDT,API3USDC,USDCUSDT,API3USDT
APT,USDC,USDC,USDT,APT,USDT,APTUSDC,USDCUSDT,APTUSDT
AR,ETH,ETH,USDC,AR,USDC,ARETH,ETHUSDC,ARUSDC
AR,ETH,ETH,USDT,AR,USDT,ARETH,ETHUSDT,ARUSDT
AR,USDC,USDC,USDT,AR,USDT,ARUSDC,USDCUSDT,ARUSDT
ARB,USDC,USDC,USDT,ARB,USDT,ARBUSDC,USDCUSDT,ARBUSDT
ARKM,USDC,USDC,USDT,ARKM,USDT,ARKMUSDC,USDCUSDT,ARKMUSDT
ASTER,USDC,USDC,USDT,ASTER,USDT,ASTERUSDC,USDCUSDT,ASTERUSDT
AT,USDC,USDC,USDT,AT,USDT,ATUSDC,USDCUSDT,ATUSDT
ATOM,BTC,BTC,USDC,ATOM,USDC,ATOMBTC,BTCUSDC,ATOMUSDC
ATOM,BTC,BTC,USDT,ATOM,USDT,ATOMBTC,BTCUSDT,ATOMUSDT
ATOM,USDC,USDC,USDT,ATOM,USDT,ATOMUSDC,USDCUSDT,ATOMUSDT
AVAX,EUR,EUR,USDT,AVAX,USDT,AVAXEUR,EURUSDT,AVAXUSDT
AVAX,USDC,USDC,EUR,AVAX,EUR,AVAXUSDC,USDCEUR,AVAXEUR
AVAX,USDC,USDC,USDT,AVAX,USDT,AVAXUSDC,USDCUSDT,AVAXUSDT
AVNT,USDC,USDC,USDT,AVNT,USDT,AVNTUSDC,USDCUSDT,AVNTUSDT
AXS,USDC,USDC,USDT,AXS,USDT,AXSUSDC,USDCUSDT,AXSUSDT
AZERO,USDC,USDC,USDT,AZERO,USDT,AZEROUSDC,USDCUSDT,AZEROUSDT
B,USD1,USD1,USDT,B,USDT,BUSD1,USD1USDT,BUSDT
BABY,USDC,USDC,USDT,BABY,USDT,BABYUSDC,USDCUSDT,BABYUSDT
BABYDOGE,USDC,USDC,USDT,BABYDOGE,USDT,BABYDOGEUSDC,USDCUSDT,BABYDOGEUSDT
BANANA,USDC,USDC,USDT,BANANA,USDT,BANANAUSDC,USDCUSDT,BANANAUSDT
BANANAS31,USDC,USDC,USDT,BANANAS31,USDT,BANANAS31USDC,USDCUSDT,BANANAS31USDT
BANK,USD1,USD1,USDT,BANK,USDT,BANKUSD1,USD1USDT,BANKUSDT
BANK,USDC,USDC,USDT,BANK,USDT,BANKUSDC,USDCUSDT,BANKUSDT
BARD,USDC,USDC,USDT,BARD,USDT,BARDUSDC,USDCUSDT,BARDUSDT
BB,USDC,USDC,USDT,BB,USDT,BBUSDC,USDCUSDT,BBUSDT
BCH,BTC,BTC,USDC,BCH,USDC,BCHBTC,BTCUSDC,BCHUSDC
BCH,BTC,BTC,USDT,BCH,USDT,BCHBTC,BTCUSDT,BCHUSDT
BCH,USDC,USDC,USDT,BCH,USDT,BCHUSDC,USDCUSDT,BCHUSDT
BDX,BTC,BTC,USDT,BDX,USDT,BDXBTC,BTCUSDT,BDXUSDT
BEAMX,USDC,USDC,USDT,BEAMX,USDT,BEAMXUSDC,USDCUSDT,BEAMXUSDT
BERA,USDC,USDC,USDT,BERA,USDT,BERAUSDC,USDCUSDT,BERAUSDT
BIGTIME,USDC,USDC,USDT,BIGTIME,USDT,BIGTIMEUSDC,USDCUSDT,BIGTIMEUSDT
BIO,USDC,USDC,USDT,BIO,USDT,BIOUSDC,USDCUSDT,BIOUSDT
BKN,USDC,USDC,USDT,BKN,USDT,BKNUSDC,USDCUSDT,BKNUSDT
BLESS,USDC,USDC,USDT,BLESS,USDT,BLESSUSDC,USDCUSDT,BLESSUSDT
BLUR,USDC,USDC,USDT,BLUR,USDT,BLURUSDC,USDCUSDT,BLURUSDT
BMT,USDC,USDC,USDT,BMT,USDT,BMTUSDC,USDCUSDT,BMTUSDT
BNB,USDC,USDC,USDT,BNB,USDT,BNBUSDC,USDCUSDT,BNBUSDT
BOB,USDC,USDC,USDT,BOB,USDT,BOBUSDC,USDCUSDT,BOBUSDT
BOME,USDC,USDC,USDT,BOME,USDT,BOMEUSDC,USDCUSDT,BOMEUSDT
BONK,USDC,USDC,USDT,BONK,USDT,BONKUSDC,USDCUSDT,BONKUSDT
BROCCOLIF3B,USDC,USDC,USDT,BROCCOLIF3B,USDT,BROCCOLIF3BUSDC,USDCUSDT,BROCCOLIF3BUSDT
BTC,BRL,BRL,USDT,BTC,USDT,BTCBRL,BRLUSDT,BTCUSDT
BTC,EUR,EUR,USDT,BTC,USDT,BTCEUR,EURUSDT,BTCUSDT
BTC,USD1,USD1,USDT,BTC,USDT,BTCUSD1,USD1USDT,BTCUSDT
BTC,USDC,USDC,BRL,BTC,BRL,BTCUSDC,USDCBRL,BTCBRL
BTC,USDC,USDC,EUR,BTC,EUR,BTCUSDC,USDCEUR,BTCEUR
BTC,USDC,USDC,USDF,BTC,USDF,BTCUSDC,USDCUSDF,BTCUSDF
BTC,USDC,USDC,USDT,BTC,USDT,BTCUSDC,USDCUSDT,BTCUSDT
BTC,USDE,USDE,USDT,BTC,USDT,BTCUSDE,USDEUSDT,BTCUSDT
BTC,USDF,USDF,USDT,BTC,USDT,BTCUSDF,USDFUSDT,BTCUSDT
C,USDC,USDC,USDT,C,USDT,CUSDC,USDCUSDT,CUSDT
CAKE,USDC,USDC,USDT,CAKE,USDT,CAKEUSDC,USDCUSDT,CAKEUSDT
CAW,USDC,USDC,USDT,CAW,USDT,CAWUSDC,USDCUSDT,CAWUSDT
CC,USDC,USDC,USDT,CC,USDT,CCUSDC,USDCUSDT,CCUSDT
CETUS,USDC,USDC,USDT,CETUS,USDT,CETUSUSDC,USDCUSDT,CETUSUSDT
CFX,USDC,USDC,USDT,CFX,USDT,CFXUSDC,USDCUSDT,CFXUSDT
CGN,USDC,USDC,USDT,CGN,USDT,CGNUSDC,USDCUSDT,CGNUSDT
CGPT,USDC,USDC,USDT,CGPT,USDT,CGPTUSDC,USDCUSDT,CGPTUSDT
CHESS,USDC,USDC,USDT,CHESS,USDT,CHESSUSDC,USDCUSDT,CHESSUSDT
CHZ,USDC,USDC,USDT,CHZ,USDT,CHZUSDC,USDCUSDT,CHZUSDT
CKB,USDC,USDC,USDT,CKB,USDT,CKBUSDC,USDCUSDT,CKBUSDT
COMP,USDC,USDC,USDT,COMP,USDT,COMPUSDC,USDCUSDT,COMPUSDT
COOKIE,USDC,USDC,USDT,COOKIE,USDT,COOKIEUSDC,USDCUSDT,COOKIEUSDT
COTI,USDC,USDC,USDT,COTI,USDT,COTIUSDC,USDCUSDT,COTIUSDT
CRV,ETH,ETH,USDC,CRV,USDC,CRVETH,ETHUSDC,CRVUSDC
CRV,ETH,ETH,USDT,CRV,USDT,CRVETH,ETHUSDT,CRVUSDT
CRV,USDC,USDC,USDT,CRV,USDT,CRVUSDC,USDCUSDT,CRVUSDT
CVX,USDC,USDC,USDT,CVX,USDT,CVXUSDC,USDCUSDT,CVXUSDT
CYBER,USDC,USDC,USDT,CYBER,USDT,CYBERUSDC,USDCUSDT,CYBERUSDT
CYS,USDC,USDC,USDT,CYS,USDT,CYSUSDC,USDCUSDT,CYSUSDT
DASH,BTC,BTC,USDC,DASH,USDC,DASHBTC,BTCUSDC,DASHUSDC
DASH,BTC,BTC,USDT,DASH,USDT,DASHBTC,BTCUSDT,DASHUSDT
DASH,USDC,USDC,USDT,DASH,USDT,DASHUSDC,USDCUSDT,DASHUSDT
DEXE,BTC,BTC,USDT,DEXE,USDT,DEXEBTC,BTCUSDT,DEXEUSDT
DOGE,EUR,EUR,USDT,DOGE,USDT,DOGEEUR,EURUSDT,DOGEUSDT
DOGE,USDC,USDC,EUR,DOGE,EUR,DOGEUSDC,USDCEUR,DOGEEUR
DOGE,USDC,USDC,USDT,DOGE,USDT,DOGEUSDC,USDCUSDT,DOGEUSDT
DOGE,USDE,USDE,USDT,DOGE,USDT,DOGEUSDE,USDEUSDT,DOGEUSDT
DOGS,USDC,USDC,USDT,DOGS,USDT,DOGSUSDC,USDCUSDT,DOGSUSDT
DOLO,USDC,USDC,USDT,DOLO,USDT,DOLOUSDC,USDCUSDT,DOLOUSDT
DOOD,USDC,USDC,USDT,DOOD,USDT,DOODUSDC,USDCUSDT,DOODUSDT
DOT,BTC,BTC,USDC,DOT,USDC,DOTBTC,BTCUSDC,DOTUSDC
DOT,BTC,BTC,USDT,DOT,USDT,DOTBTC,BTCUSDT,DOTUSDT
DOT,USDC,USDC,USDT,DOT,USDT,DOTUSDC,USDCUSDT,DOTUSDT
DSYNC,USDC,USDC,USDT,DSYNC,USDT,DSYNCUSDC,USDCUSDT,DSYNCUSDT
DYDX,USDC,USDC,USDT,DYDX,USDT,DYDXUSDC,USDCUSDT,DYDXUSDT
EDEN,USDC,USDC,USDT,EDEN,USDT,EDENUSDC,USDCUSDT,EDENUSDT
EGLD,USDC,USDC,USDT,EGLD,USDT,EGLDUSDC,USDCUSDT,EGLDUSDT
EIGEN,USDC,USDC,USDT,EIGEN,USDT,EIGENUSDC,USDCUSDT,EIGENUSDT
ENA,USDC,USDC,USDT,ENA,USDT,ENAUSDC,USDCUSDT,ENAUSDT
ENA,USDE,USDE,USDT,ENA,USDT,ENAUSDE,USDEUSDT,ENAUSDT
ENJ,USDC,USDC,USDT,ENJ,USDT,ENJUSDC,USDCUSDT,ENJUSDT
ENS,USDC,USDC,USDT,ENS,USDT,ENSUSDC,USDCUSDT,ENSUSDT
EPIC,USDC,USDC,USDT,EPIC,USDT,EPICUSDC,USDCUSDT,EPICUSDT
ERA,USDC,USDC,USDT,ERA,USDT,ERAUSDC,USDCUSDT,ERAUSDT
ETC,BTC,BTC,USDC,ETC,USDC,ETCBTC,BTCUSDC,ETCUSDC
ETC,BTC,BTC,USDT,ETC,USDT,ETCBTC,BTCUSDT,ETCUSDT
ETC,USDC,USDC,USDT,ETC,USDT,ETCUSDC,USDCUSDT,ETCUSDT
ETH,BRL,BRL,USDT,ETH,USDT,ETHBRL,BRLUSDT,ETHUSDT
ETH,BTC,BTC,BRL,ETH,BRL,ETHBTC,BTCBRL,ETHBRL
ETH,BTC,BTC,EUR,ETH,EUR,ETHBTC,BTCEUR,ETHEUR
ETH,BTC,BTC,USD1,ETH,USD1,ETHBTC,BTCUSD1,ETHUSD1
ETH,BTC,BTC,USDC,ETH,USDC,ETHBTC,BTCUSDC,ETHUSDC
ETH,BTC,BTC,USDE,ETH,USDE,ETHBTC,BTCUSDE,ETHUSDE
ETH,BTC,BTC,USDF,ETH,USDF,ETHBTC,BTCUSDF,ETHUSDF
ETH,BTC,BTC,USDT,ETH,USDT,ETHBTC,BTCUSDT,ETHUSDT
ETH,EUR,EUR,USDT,ETH,USDT,ETHEUR,EURUSDT,ETHUSDT
ETH,USD1,USD1,USDT,ETH,USDT,ETHUSD1,USD1USDT,ETHUSDT
ETH,USDC,USDC,BRL,ETH,BRL,ETHUSDC,USDCBRL,ETHBRL
ETH,USDC,USDC,EUR,ETH,EUR,ETHUSDC,USDCEUR,ETHEUR
ETH,USDC,USDC,USDF,ETH,USDF,ETHUSDC,USDCUSDF,ETHUSDF
ETH,USDC,USDC,USDT,ETH,USDT,ETHUSDC,USDCUSDT,ETHUSDT
ETH,USDE,USDE,USDT,ETH,USDT,ETHUSDE,USDEUSDT,ETHUSDT
ETH,USDF,USDF,USDT,ETH,USDT,ETHUSDF,USDFUSDT,ETHUSDT
ETHFI,USD1,USD1,USDT,ETHFI,USDT,ETHFIUSD1,USD1USDT,ETHFIUSDT
ETHFI,USDC,USDC,USDT,ETHFI,USDT,ETHFIUSDC,USDCUSDT,ETHFIUSDT
ETHFI,USDE,USDE,USDT,ETHFI,USDT,ETHFIUSDE,USDEUSDT,ETHFIUSDT
FARTCOIN,USDC,USDC,USDT,FARTCOIN,USDT,FARTCOINUSDC,USDCUSDT,FARTCOINUSDT
FET,USDC,USDC,USDT,FET,USDT,FETUSDC,USDCUSDT,FETUSDT
FF,USDC,USDC,USDF,FF,USDF,FFUSDC,USDCUSDF,FFUSDF
FF,USDC,USDC,USDT,FF,USDT,FFUSDC,USDCUSDT,FFUSDT
FF,USDF,USDF,USDT,FF,USDT,FFUSDF,USDFUSDT,FFUSDT
FHE,USDC,USDC,USDT,FHE,USDT,FHEUSDC,USDCUSDT,FHEUSDT
FIL,USDC,USDC,USDT,FIL,USDT,FILUSDC,USDCUSDT,FILUSDT
FLOKI,USDC,USDC,USDT,FLOKI,USDT,FLOKIUSDC,USDCUSDT,FLOKIUSDT
FLUX,USDC,USDC,USDT,FLUX,USDT,FLUXUSDC,USDCUSDT,FLUXUSDT
FORM,USDC,USDC,USDT,FORM,USDT,FORMUSDC,USDCUSDT,FORMUSDT
FTT,USDC,USDC,USDT,FTT,USDT,FTTUSDC,USDCUSDT,FTTUSDT
FUN,USDC,USDC,USDT,FUN,USDT,FUNUSDC,USDCUSDT,FUNUSDT
GAIB,USDC,USDC,USDT,GAIB,USDT,GAIBUSDC,USDCUSDT,GAIBUSDT
GALA,USDC,USDC,USDT,GALA,USDT,GALAUSDC,USDCUSDT,GALAUSDT
GIGGLE,USDC,USDC,USDT,GIGGLE,USDT,GIGGLEUSDC,USDCUSDT,GIGGLEUSDT
GMX,USDC,USDC,USDT,GMX,USDT,GMXUSDC,USDCUSDT,GMXUSDT
GRIFFAIN,USDC,USDC,USDT,GRIFFAIN,USDT,GRIFFAINUSDC,USDCUSDT,GRIFFAINUSDT
GRT,USDC,USDC,USDT,GRT,USDT,GRTUSDC,USDCUSDT,GRTUSDT
GUN,USDC,USDC,USDT,GUN,USDT,GUNUSDC,USDCUSDT,GUNUSDT
H,USDC,USDC,USDT,H,USDT,HUSDC,USDCUSDT,HUSDT
HBAR,USDC,USDC,USDT,HBAR,USDT,HBARUSDC,USDCUSDT,HBARUSDT
HEMI,USDC,USDC,USDT,HEMI,USDT,HEMIUSDC,USDCUSDT,HEMIUSDT
HIVE,USDC,USDC,USDT,HIVE,USDT,HIVEUSDC,USDCUSDT,HIVEUSDT
HMSTR,USDC,USDC,USDT,HMSTR,USDT,HMSTRUSDC,USDCUSDT,HMSTRUSDT
HOLO,USDC,USDC,USDT,HOLO,USDT,HOLOUSDC,USDCUSDT,HOLOUSDT
HOME,USDC,USDC,USDT,HOME,USDT,HOMEUSDC,USDCUSDT,HOMEUSDT
HUMA,USDC,USDC,USDT,HUMA,USDT,HUMAUSDC,USDCUSDT,HUMAUSDT
HYPE,USDC,USDC,USDT,HYPE,USDT,HYPEUSDC,USDCUSDT,HYPEUSDT
HYPER,USDC,USDC,USDT,HYPER,USDT,HYPERUSDC,USDCUSDT,HYPERUSDT
ICP,USDC,USDC,USDT,ICP,USDT,ICPUSDC,USDCUSDT,ICPUSDT
IDEX,USDC,USDC,USDT,IDEX,USDT,IDEXUSDC,USDCUSDT,IDEXUSDT
ILV,USDC,USDC,USDT,ILV,USDT,ILVUSDC,USDCUSDT,ILVUSDT
IMX,USDC,USDC,USDT,IMX,USDT,IMXUSDC,USDCUSDT,IMXUSDT
INIT,USDC,USDC,USDT,INIT,USDT,INITUSDC,USDCUSDT,INITUSDT
INJ,USDC,USDC,USDT,INJ,USDT,INJUSDC,USDCUSDT,INJUSDT
IO,USDC,USDC,USDT,IO,USDT,IOUSDC,USDCUSDT,IOUSDT
IOTA,USDC,USDC,USDT,IOTA,USDT,IOTAUSDC,USDCUSDT,IOTAUSDT
IP,BTC,BTC,USDC,IP,USDC,IPBTC,BTCUSDC,IPUSDC
IP,BTC,BTC,USDT,IP,USDT,IPBTC,BTCUSDT,IPUSDT
IP,ETH,ETH,BTC,IP,BTC,IPETH,ETHBTC,IPBTC
IP,ETH,ETH,USDC,IP,USDC,IPETH,ETHUSDC,IPUSDC
IP,ETH,ETH,USDT,IP,USDT,IPETH,ETHUSDT,IPUSDT
IP,USDC,USDC,USDT,IP,USDT,IPUSDC,USDCUSDT,IPUSDT
IRYS,USDC,USDC,USDT,IRYS,USDT,IRYSUSDC,USDCUSDT,IRYSUSDT
JASMY,USDC,USDC,USDT,JASMY,USDT,JASMYUSDC,USDCUSDT,JASMYUSDT
JELLYJELLY,USDC,USDC,USDT,JELLYJELLY,USDT,JELLYJELLYUSDC,USDCUSDT,JELLYJELLYUSDT
JTO,USDC,USDC,USDT,JTO,USDT,JTOUSDC,USDCUSDT,JTOUSDT
JUP,USDC,USDC,USDT,JUP,USDT,JUPUSDC,USDCUSDT,JUPUSDT
KAIA,USDC,USDC,USDT,KAIA,USDT,KAIAUSDC,USDCUSDT,KAIAUSDT
KAITO,USDC,USDC,USDT,KAITO,USDT,KAITOUSDC,USDCUSDT,KAITOUSDT
KAS,EUR,EUR,USDT,KAS,USDT,KASEUR,EURUSDT,KASUSDT
KAS,USD1,USD1,USDT,KAS,USDT,KASUSD1,USD1USDT,KASUSDT
KAS,USDC,USDC,EUR,KAS,EUR,KASUSDC,USDCEUR,KASEUR
KAS,USDC,USDC,USDT,KAS,USDT,KASUSDC,USDCUSDT,KASUSDT
KAS,USDE,USDE,USDT,KAS,USDT,KASUSDE,USDEUSDT,KASUSDT
KEKIUS,USDC,USDC,USDT,KEKIUS,USDT,KEKIUSUSDC,USDCUSDT,KEKIUSUSDT
KERNEL,USDC,USDC,USDT,KERNEL,USDT,KERNELUSDC,USDCUSDT,KERNELUSDT
KILO,USDC,USDC,USDT,KILO,USDT,KILOUSDC,USDCUSDT,KILOUSDT
KITE,USDC,USDC,USDT,KITE,USDT,KITEUSDC,USDCUSDT,KITEUSDT
KMNO,USDC,USDC,USDT,KMNO,USDT,KMNOUSDC,USDCUSDT,KMNOUSDT
LA,USD1,USD1,USDT,LA,USDT,LAUSD1,USD1USDT,LAUSDT
LA,USDC,USDC,USDT,LA,USDT,LAUSDC,USDCUSDT,LAUSDT
LDO,USDC,USDC,USDT,LDO,USDT,LDOUSDC,USDCUSDT,LDOUSDT
LIGHT,USDC,USDC,USDT,LIGHT,USDT,LIGHTUSDC,USDCUSDT,LIGHTUSDT
LINEA,USDC,USDC,USDT,LINEA,USDT,LINEAUSDC,USDCUSDT,LINEAUSDT
LINGO,USDC,USDC,USDT,LINGO,USDT,LINGOUSDC,USDCUSDT,LINGOUSDT
LINK,ETH,ETH,EUR,LINK,EUR,LINKETH,ETHEUR,LINKEUR
LINK,ETH,ETH,USDC,LINK,USDC,LINKETH,ETHUSDC,LINKUSDC
LINK,ETH,ETH,USDT,LINK,USDT,LINKETH,ETHUSDT,LINKUSDT
LINK,EUR,EUR,USDT,LINK,USDT,LINKEUR,EURUSDT,LINKUSDT
LINK,USDC,USDC,EUR,LINK,EUR,LINKUSDC,USDCEUR,LINKEUR
LINK,USDC,USDC,USDT,LINK,USDT,LINKUSDC,USDCUSDT,LINKUSDT
LPT,USDC,USDC,USDT,LPT,USDT,LPTUSDC,USDCUSDT,LPTUSDT
LTC,BTC,BTC,EUR,LTC,EUR,LTCBTC,BTCEUR,LTCEUR
LTC,BTC,BTC,USDC,LTC,USDC,LTCBTC,BTCUSDC,LTCUSDC
LTC,BTC,BTC,USDT,LTC,USDT,LTCBTC,BTCUSDT,LTCUSDT
LTC,EUR,EUR,USDT,LTC,USDT,LTCEUR,EURUSDT,LTCUSDT
LTC,USDC,USDC,EUR,LTC,EUR,LTCUSDC,USDCEUR,LTCEUR
LTC,USDC,USDC,USDT,LTC,USDT,LTCUSDC,USDCUSDT,LTCUSDT
LUNC,USDC,USDC,USDT,LUNC,USDT,LUNCUSDC,USDCUSDT,LUNCUSDT
MAGIC,USDC,USDC,USDT,MAGIC,USDT,MAGICUSDC,USDCUSDT,MAGICUSDT
MANTA,USDC,USDC,USDT,MANTA,USDT,MANTAUSDC,USDCUSDT,MANTAUSDT
MASK,USDC,USDC,USDT,MASK,USDT,MASKUSDC,USDCUSDT,MASKUSDT
MAV,USDC,USDC,USDT,MAV,USDT,MAVUSDC,USDCUSDT,MAVUSDT
MELANIA,EUR,EUR,USDT,MELANIA,USDT,MELANIAEUR,EURUSDT,MELANIAUSDT
MELANIA,USD1,USD1,USDT,MELANIA,USDT,MELANIAUSD1,USD1USDT,MELANIAUSDT
MELANIA,USDC,USDC,EUR,MELANIA,EUR,MELANIAUSDC,USDCEUR,MELANIAEUR
MELANIA,USDC,USDC,USDT,MELANIA,USDT,MELANIAUSDC,USDCUSDT,MELANIAUSDT
MEME,USDC,USDC,USDT,MEME,USDT,MEMEUSDC,USDCUSDT,MEMEUSDT
MET,USDC,USDC,USDT,MET,USDT,METUSDC,USDCUSDT,METUSDT
MINA,USDC,USDC,USDT,MINA,USDT,MINAUSDC,USDCUSDT,MINAUSDT
MIRA,USDC,USDC,USDT,MIRA,USDT,MIRAUSDC,USDCUSDT,MIRAUSDT
MMT,USDC,USDC,USDT,MMT,USDT,MMTUSDC,USDCUSDT,MMTUSDT
MNT,USDC,USDC,USDT,MNT,USDT,MNTUSDC,USDCUSDT,MNTUSDT
MON,USDC,USDC,USDT,MON,USDT,MONUSDC,USDCUSDT,MONUSDT
MORPHO,USDC,USDC,USDT,MORPHO,USDT,MORPHOUSDC,USDCUSDT,MORPHOUSDT
MOVE,USDC,USDC,USDT,MOVE,USDT,MOVEUSDC,USDCUSDT,MOVEUSDT
MUBARAK,USDC,USDC,USDT,MUBARAK,USDT,MUBARAKUSDC,USDCUSDT,MUBARAKUSDT
MX,BRL,BRL,USDT,MX,USDT,MXBRL,BRLUSDT,MXUSDT
MX,BTC,BTC,BRL,MX,BRL,MXBTC,BTCBRL,MXBRL
MX,BTC,BTC,EUR,MX,EUR,MXBTC,BTCEUR,MXEUR
MX,BTC,BTC,USDC,MX,USDC,MXBTC,BTCUSDC,MXUSDC
MX,BTC,BTC,USDT,MX,USDT,MXBTC,BTCUSDT,MXUSDT
MX,ETH,ETH,BRL,MX,BRL,MXETH,ETHBRL,MXBRL
MX,ETH,ETH,BTC,MX,BTC,MXETH,ETHBTC,MXBTC
MX,ETH,ETH,EUR,MX,EUR,MXETH,ETHEUR,MXEUR
MX,ETH,ETH,USDC,MX,USDC,MXETH,ETHUSDC,MXUSDC
MX,ETH,ETH,USDT,MX,USDT,MXETH,ETHUSDT,MXUSDT
MX,EUR,EUR,USDT,MX,USDT,MXEUR,EURUSDT,MXUSDT
MX,USDC,USDC,BRL,MX,BRL,MXUSDC,USDCBRL,MXBRL
MX,USDC,USDC,EUR,MX,EUR,MXUSDC,USDCEUR,MXEUR
MX,USDC,USDC,USDT,MX,USDT,MXUSDC,USDCUSDT,MXUSDT
MYX,USDC,USDC,USDT,MYX,USDT,MYXUSDC,USDCUSDT,MYXUSDT
NAKA,USDC,USDC,USDT,NAKA,USDT,NAKAUSDC,USDCUSDT,NAKAUSDT
NEAR,USDC,USDC,USDT,NEAR,USDT,NEARUSDC,USDCUSDT,NEARUSDT
NEO,BTC,BTC,USDC,NEO,USDC,NEOBTC,BTCUSDC,NEOUSDC
NEO,BTC,BTC,USDT,NEO,USDT,NEOBTC,BTCUSDT,NEOUSDT
NEO,USDC,USDC,USDT,NEO,USDT,NEOUSDC,USDCUSDT,NEOUSDT
NEWT,USDC,USDC,USDT,NEWT,USDT,NEWTUSDC,USDCUSDT,NEWTUSDT
NIGHT,USDC,USDC,USDT,NIGHT,USDT,NIGHTUSDC,USDCUSDT,NIGHTUSDT
NIL,USDC,USDC,USDT,NIL,USDT,NILUSDC,USDCUSDT,NILUSDT
NMR,ETH,ETH,USDC,NMR,USDC,NMRETH,ETHUSDC,NMRUSDC
NMR,ETH,ETH,USDT,NMR,USDT,NMRETH,ETHUSDT,NMRUSDT
NMR,USDC,USDC,USDT,NMR,USDT,NMRUSDC,USDCUSDT,NMRUSDT
NOT,USDC,USDC,USDT,NOT,USDT,NOTUSDC,USDCUSDT,NOTUSDT
NPC,USDC,USDC,USDT,NPC,USDT,NPCUSDC,USDCUSDT,NPCUSDT
NXPC,USDC,USDC,USDT,NXPC,USDT,NXPCUSDC,USDCUSDT,NXPCUSDT
OM,USDC,USDC,USDT,OM,USDT,OMUSDC,USDCUSDT,OMUSDT
OMG,BTC,BTC,USDT,OMG,USDT,OMGBTC,BTCUSDT,OMGUSDT
OMI,USDC,USDC,USDT,OMI,USDT,OMIUSDC,USDCUSDT,OMIUSDT
ONDO,USDC,USDC,USDT,ONDO,USDT,ONDOUSDC,USDCUSDT,ONDOUSDT
ONT,BTC,BTC,USDT,ONT,USDT,ONTBTC,BTCUSDT,ONTUSDT
OP,USDC,USDC,USDT,OP,USDT,OPUSDC,USDCUSDT,OPUSDT
OPEN,USDC,USDC,USDT,OPEN,USDT,OPENUSDC,USDCUSDT,OPENUSDT
ORCA,USDC,USDC,USDT,ORCA,USDT,ORCAUSDC,USDCUSDT,ORCAUSDT
ORDI,USDC,USDC,USDT,ORDI,USDT,ORDIUSDC,USDCUSDT,ORDIUSDT
OXT,ETH,ETH,USDT,OXT,USDT,OXTETH,ETHUSDT,OXTUSDT
PARTI,USDC,USDC,USDT,PARTI,USDT,PARTIUSDC,USDCUSDT,PARTIUSDT
PAXG,USDC,USDC,USDT,PAXG,USDT,PAXGUSDC,USDCUSDT,PAXGUSDT
PEAQ,USDC,USDC,USDT,PEAQ,USDT,PEAQUSDC,USDCUSDT,PEAQUSDT
PENDLE,USDC,USDC,USDT,PENDLE,USDT,PENDLEUSDC,USDCUSDT,PENDLEUSDT
PENGU,USDC,USDC,USDT,PENGU,USDT,PENGUUSDC,USDCUSDT,PENGUUSDT
PEOPLE,USDC,USDC,USDT,PEOPLE,USDT,PEOPLEUSDC,USDCUSDT,PEOPLEUSDT
PEPE,EUR,EUR,USDT,PEPE,USDT,PEPEEUR,EURUSDT,PEPEUSDT
PEPE,USDC,USDC,EUR,PEPE,EUR,PEPEUSDC,USDCEUR,PEPEEUR
PEPE,USDC,USDC,USDT,PEPE,USDT,PEPEUSDC,USDCUSDT,PEPEUSDT
PEPE,USDE,USDE,USDT,PEPE,USDT,PEPEUSDE,USDEUSDT,PEPEUSDT
PHA,USDC,USDC,USDT,PHA,USDT,PHAUSDC,USDCUSDT,PHAUSDT
PI,EUR,EUR,USDT,PI,USDT,PIEUR,EURUSDT,PIUSDT
PI,USD1,USD1,USDT,PI,USDT,PIUSD1,USD1USDT,PIUSDT
PI,USDC,USDC,EUR,PI,EUR,PIUSDC,USDCEUR,PIEUR
PI,USDC,USDC,USDT,PI,USDT,PIUSDC,USDCUSDT,PIUSDT
PI,USDE,USDE,USDT,PI,USDT,PIUSDE,USDEUSDT,PIUSDT
PIPPIN,USDC,USDC,USDT,PIPPIN,USDT,PIPPINUSDC,USDCUSDT,PIPPINUSDT
PIXEL,USDC,USDC,USDT,PIXEL,USDT,PIXELUSDC,USDCUSDT,PIXELUSDT
PLUME,USDC,USDC,USDT,PLUME,USDT,PLUMEUSDC,USDCUSDT,PLUMEUSDT
PNUT,USDC,USDC,USDT,PNUT,USDT,PNUTUSDC,USDCUSDT,PNUTUSDT
POL,USDC,USDC,USDT,POL,USDT,POLUSDC,USDCUSDT,POLUSDT
POPCAT,USDC,USDC,USDT,POPCAT,USDT,POPCATUSDC,USDCUSDT,POPCATUSDT
PROVE,USDC,USDC,USDT,PROVE,USDT,PROVEUSDC,USDCUSDT,PROVEUSDT
PUMP,USDC,USDC,USDT,PUMP,USDT,PUMPUSDC,USDCUSDT,PUMPUSDT
PYTH,USDC,USDC,USDT,PYTH,USDT,PYTHUSDC,USDCUSDT,PYTHUSDT
QNT,USDC,USDC,USDT,QNT,USDT,QNTUSDC,USDCUSDT,QNTUSDT
QTUM,BTC,BTC,USDC,QTUM,USDC,QTUMBTC,BTCUSDC,QTUMUSDC
QTUM,BTC,BTC,USDT,QTUM,USDT,QTUMBTC,BTCUSDT,QTUMUSDT
QTUM,USDC,USDC,USDT,QTUM,USDT,QTUMUSDC,USDCUSDT,QTUMUSDT
QUBIC,USDC,USDC,USDT,QUBIC,USDT,QUBICUSDC,USDCUSDT,QUBICUSDT
RARE,USDC,USDC,USDT,RARE,USDT,RAREUSDC,USDCUSDT,RAREUSDT
RAY,USDC,USDC,USDT,RAY,USDT,RAYUSDC,USDCUSDT,RAYUSDT
RBNT,USDC,USDC,USDT,RBNT,USDT,RBNTUSDC,USDCUSDT,RBNTUSDT
RED,USDC,USDC,USDT,RED,USDT,REDUSDC,USDCUSDT,REDUSDT
RENDER,USDC,USDC,USDT,RENDER,USDT,RENDERUSDC,USDCUSDT,RENDERUSDT
REZ,USDC,USDC,USDT,REZ,USDT,REZUSDC,USDCUSDT,REZUSDT
RIO,EUR,EUR,USDT,RIO,USDT,RIOEUR,EURUSDT,RIOUSDT
RIO,USDC,USDC,EUR,RIO,EUR,RIOUSDC,USDCEUR,RIOEUR
RIO,USDC,USDC,USDT,RIO,USDT,RIOUSDC,USDCUSDT,RIOUSDT
ROSE,USDC,USDC,USDT,ROSE,USDT,ROSEUSDC,USDCUSDT,ROSEUSDT
RSR,ETH,ETH,USDC,RSR,USDC,RSRETH,ETHUSDC,RSRUSDC
RSR,ETH,ETH,USDT,RSR,USDT,RSRETH,ETHUSDT,RSRUSDT
RSR,USDC,USDC,USDT,RSR,USDT,RSRUSDC,USDCUSDT,RSRUSDT
RUNE,USDC,USDC,USDT,RUNE,USDT,RUNEUSDC,USDCUSDT,RUNEUSDT
RVN,USDC,USDC,USDT,RVN,USDT,RVNUSDC,USDCUSDT,RVNUSDT
S,USDC,USDC,USDT,S,USDT,SUSDC,USDCUSDT,SUSDT
SAGA,USDC,USDC,USDT,SAGA,USDT,SAGAUSDC,USDCUSDT,SAGAUSDT
SAHARA,USD1,USD1,USDT,SAHARA,USDT,SAHARAUSD1,USD1USDT,SAHARAUSDT
SAHARA,USDC,USDC,USDT,SAHARA,USDT,SAHARAUSDC,USDCUSDT,SAHARAUSDT
SAND,USDC,USDC,USDT,SAND,USDT,SANDUSDC,USDCUSDT,SANDUSDT
SAPIEN,USDC,USDC,USDT,SAPIEN,USDT,SAPIENUSDC,USDCUSDT,SAPIENUSDT
SEI,USDC,USDC,USDT,SEI,USDT,SEIUSDC,USDCUSDT,SEIUSDT
SHIB,EUR,EUR,USDT,SHIB,USDT,SHIBEUR,EURUSDT,SHIBUSDT
SHIB,USDC,USDC,EUR,SHIB,EUR,SHIBUSDC,USDCEUR,SHIBEUR
SHIB,USDC,USDC,USDT,SHIB,USDT,SHIBUSDC,USDCUSDT,SHIBUSDT
SIGN,USDC,USDC,USDT,SIGN,USDT,SIGNUSDC,USDCUSDT,SIGNUSDT
SKATE,USDC,USDC,USDT,SKATE,USDT,SKATEUSDC,USDCUSDT,SKATEUSDT
SKL,USDC,USDC,USDT,SKL,USDT,SKLUSDC,USDCUSDT,SKLUSDT
SKY,USDC,USDC,USDT,SKY,USDT,SKYUSDC,USDCUSDT,SKYUSDT
SNX,ETH,ETH,USDC,SNX,USDC,SNXETH,ETHUSDC,SNXUSDC
SNX,ETH,ETH,USDT,SNX,USDT,SNXETH,ETHUSDT,SNXUSDT
SNX,USDC,USDC,USDT,SNX,USDT,SNXUSDC,USDCUSDT,SNXUSDT
SOL,BRL,BRL,USDT,SOL,USDT,SOLBRL,BRLUSDT,SOLUSDT
SOL,BTC,BTC,BRL,SOL,BRL,SOLBTC,BTCBRL,SOLBRL
SOL,BTC,BTC,EUR,SOL,EUR,SOLBTC,BTCEUR,SOLEUR
SOL,BTC,BTC,USD1,SOL,USD1,SOLBTC,BTCUSD1,SOLUSD1
SOL,BTC,BTC,USDC,SOL,USDC,SOLBTC,BTCUSDC,SOLUSDC
SOL,BTC,BTC,USDE,SOL,USDE,SOLBTC,BTCUSDE,SOLUSDE
SOL,BTC,BTC,USDT,SOL,USDT,SOLBTC,BTCUSDT,SOLUSDT
SOL,EUR,EUR,USDT,SOL,USDT,SOLEUR,EURUSDT,SOLUSDT
SOL,USD1,USD1,USDT,SOL,USDT,SOLUSD1,USD1USDT,SOLUSDT
SOL,USDC,USDC,BRL,SOL,BRL,SOLUSDC,USDCBRL,SOLBRL
SOL,USDC,USDC,EUR,SOL,EUR,SOLUSDC,USDCEUR,SOLEUR
SOL,USDC,USDC,USDT,SOL,USDT,SOLUSDC,USDCUSDT,SOLUSDT
SOL,USDE,USDE,USDT,SOL,USDT,SOLUSDE,USDEUSDT,SOLUSDT
SOMI,USDC,USDC,USDT,SOMI,USDT,SOMIUSDC,USDCUSDT,SOMIUSDT
SPK,USDC,USDC,USDT,SPK,USDT,SPKUSDC,USDCUSDT,SPKUSDT
SPX,USDC,USDC,USDT,SPX,USDT,SPXUSDC,USDCUSDT,SPXUSDT
STABLE,USDC,USDC,USDT,STABLE,USDT,STABLEUSDC,USDCUSDT,STABLEUSDT
STO,USDC,USDC,USDT,STO,USDT,STOUSDC,USDCUSDT,STOUSDT
STRK,USDC,USDC,USDT,STRK,USDT,STRKUSDC,USDCUSDT,STRKUSDT
STX,USDC,USDC,USDT,STX,USDT,STXUSDC,USDCUSDT,STXUSDT
SUI,EUR,EUR,USDT,SUI,USDT,SUIEUR,EURUSDT,SUIUSDT
SUI,USDC,USDC,EUR,SUI,EUR,SUIUSDC,USDCEUR,SUIEUR
SUI,USDC,USDC,USDT,SUI,USDT,SUIUSDC,USDCUSDT,SUIUSDT
SUI,USDE,USDE,USDT,SUI,USDT,SUIUSDE,USDEUSDT,SUIUSDT
SUPRA,USDC,USDC,USDT,SUPRA,USDT,SUPRAUSDC,USDCUSDT,SUPRAUSDT
SUSHI,USDC,USDC,USDT,SUSHI,USDT,SUSHIUSDC,USDCUSDT,SUSHIUSDT
SXT,USDC,USDC,USDT,SXT,USDT,SXTUSDC,USDCUSDT,SXTUSDT
SYRUP,USDC,USDC,USDT,SYRUP,USDT,SYRUPUSDC,USDCUSDT,SYRUPUSDT
TAG,USD1,USD1,USDT,TAG,USDT,TAGUSD1,USD1USDT,TAGUSDT
TAO,EUR,EUR,USDT,TAO,USDT,TAOEUR,EURUSDT,TAOUSDT
TAO,USDC,USDC,EUR,TAO,EUR,TAOUSDC,USDCEUR,TAOEUR
TAO,USDC,USDC,USDT,TAO,USDT,TAOUSDC,USDCUSDT,TAOUSDT
THE,USDC,USDC,USDT,THE,USDT,THEUSDC,USDCUSDT,THEUSDT
TIA,USDC,USDC,USDT,TIA,USDT,TIAUSDC,USDCUSDT,TIAUSDT
TLM,USDC,USDC,USDT,TLM,USDT,TLMUSDC,USDCUSDT,TLMUSDT
TNSR,USDC,USDC,USDT,TNSR,USDT,TNSRUSDC,USDCUSDT,TNSRUSDT
TON,EUR,EUR,USDT,TON,USDT,TONEUR,EURUSDT,TONUSDT
TON,USDC,USDC,EUR,TON,EUR,TONUSDC,USDCEUR,TONEUR
TON,USDC,USDC,USDT,TON,USDT,TONUSDC,USDCUSDT,TONUSDT
TOWNS,USDC,USDC,USDT,TOWNS,USDT,TOWNSUSDC,USDCUSDT,TOWNSUSDT
TREE,USDC,USDC,USDT,TREE,USDT,TREEUSDC,USDCUSDT,TREEUSDT
TRUMP,EUR,EUR,USDT,TRUMP,USDT,TRUMPEUR,EURUSDT,TRUMPUSDT
TRUMP,USD1,USD1,USDT,TRUMP,USDT,TRUMPUSD1,USD1USDT,TRUMPUSDT
TRUMP,USDC,USDC,EUR,TRUMP,EUR,TRUMPUSDC,USDCEUR,TRUMPEUR
TRUMP,USDC,USDC,USDT,TRUMP,USDT,TRUMPUSDC,USDCUSDT,TRUMPUSDT
TRX,BTC,BTC,USDC,TRX,USDC,TRXBTC,BTCUSDC,TRXUSDC
TRX,BTC,BTC,USDE,TRX,USDE,TRXBTC,BTCUSDE,TRXUSDE
TRX,BTC,BTC,USDT,TRX,USDT,TRXBTC,BTCUSDT,TRXUSDT
TRX,USDC,USDC,USDT,TRX,USDT,TRXUSDC,USDCUSDT,TRXUSDT
TRX,USDE,USDE,USDT,TRX,USDT,TRXUSDE,USDEUSDT,TRXUSDT
TST,USDC,USDC,USDT,TST,USDT,TSTUSDC,USDCUSDT,TSTUSDT
TURBO,USDC,USDC,USDT,TURBO,USDT,TURBOUSDC,USDCUSDT,TURBOUSDT
TWT,USDC,USDC,USDT,TWT,USDT,TWTUSDC,USDCUSDT,TWTUSDT
ULTIMA,EUR,EUR,USDT,ULTIMA,USDT,ULTIMAEUR,EURUSDT,ULTIMAUSDT
ULTIMA,USDC,USDC,EUR,ULTIMA,EUR,ULTIMAUSDC,USDCEUR,ULTIMAEUR
ULTIMA,USDC,USDC,USDT,ULTIMA,USDT,ULTIMAUSDC,USDCUSDT,ULTIMAUSDT
ULTIMA,USDE,USDE,USDT,ULTIMA,USDT,ULTIMAUSDE,USDEUSDT,ULTIMAUSDT
UMA,USDC,USDC,USDT,UMA,USDT,UMAUSDC,USDCUSDT,UMAUSDT
UNI,ETH,ETH,USDC,UNI,USDC,UNIETH,ETHUSDC,UNIUSDC
UNI,ETH,ETH,USDT,UNI,USDT,UNIETH,ETHUSDT,UNIUSDT
UNI,USDC,USDC,USDT,UNI,USDT,UNIUSDC,USDCUSDT,UNIUSDT
USDC,BRL,BRL,USDT,USDC,USDT,USDCBRL,BRLUSDT,USDCUSDT
USDC,EUR,EUR,USDT,USDC,USDT,USDCEUR,EURUSDT,USDCUSDT
USDC,EUR,USDC,USDT,EUR,USDT,USDCEUR,USDCUSDT,EURUSDT
USDC,USDF,USDF,USDT,USDC,USDT,USDCUSDF,USDFUSDT,USDCUSDT
USELESS,USDC,USDC,USDT,USELESS,USDT,USELESSUSDC,USDCUSDT,USELESSUSDT
USUAL,USDC,USDC,USDT,USUAL,USDT,USUALUSDC,USDCUSDT,USUALUSDT
VANRY,USDC,USDC,USDT,VANRY,USDT,VANRYUSDC,USDCUSDT,VANRYUSDT
VELODROME,USDC,USDC,USDT,VELODROME,USDT,VELODROMEUSDC,USDCUSDT,VELODROMEUSDT
VET,USDC,USDC,USDT,VET,USDT,VETUSDC,USDCUSDT,VETUSDT
VINE,BRL,BRL,USDT,VINE,USDT,VINEBRL,BRLUSDT,VINEUSDT
VIRTUAL,USDC,USDC,USDT,VIRTUAL,USDT,VIRTUALUSDC,USDCUSDT,VIRTUALUSDT
W,USDC,USDC,USDT,W,USDT,WUSDC,USDCUSDT,WUSDT
WAL,USDC,USDC,USDT,WAL,USDT,WALUSDC,USDCUSDT,WALUSDT
WAVES,USDC,USDC,USDT,WAVES,USDT,WAVESUSDC,USDCUSDT,WAVESUSDT
WBTC,BTC,BTC,USDC,WBTC,USDC,WBTCBTC,BTCUSDC,WBTCUSDC
WBTC,BTC,BTC,USDT,WBTC,USDT,WBTCBTC,BTCUSDT,WBTCUSDT
WBTC,USDC,USDC,USDT,WBTC,USDT,WBTCUSDC,USDCUSDT,WBTCUSDT
WCT,USDC,USDC,USDT,WCT,USDT,WCTUSDC,USDCUSDT,WCTUSDT
WET,USDC,USDC,USDT,WET,USDT,WETUSDC,USDCUSDT,WETUSDT
WIF,EUR,EUR,USDT,WIF,USDT,WIFEUR,EURUSDT,WIFUSDT
WIF,USDC,USDC,EUR,WIF,EUR,WIFUSDC,USDCEUR,WIFEUR
WIF,USDC,USDC,USDT,WIF,USDT,WIFUSDC,USDCUSDT,WIFUSDT
WLD,USDC,USDC,USDT,WLD,USDT,WLDUSDC,USDCUSDT,WLDUSDT
WLFI,USD1,USD1,USDT,WLFI,USDT,WLFIUSD1,USD1USDT,WLFIUSDT
WLFI,USDC,USDC,USDT,WLFI,USDT,WLFIUSDC,USDCUSDT,WLFIUSDT
XAI,USDC,USDC,USDT,XAI,USDT,XAIUSDC,USDCUSDT,XAIUSDT
XCN,USDC,USDC,USDT,XCN,USDT,XCNUSDC,USDCUSDT,XCNUSDT
XDC,USDC,USDC,USDT,XDC,USDT,XDCUSDC,USDCUSDT,XDCUSDT
XEN,USDC,USDC,USDT,XEN,USDT,XENUSDC,USDCUSDT,XENUSDT
XLM,BTC,BTC,USDC,XLM,USDC,XLMBTC,BTCUSDC,XLMUSDC
XLM,BTC,BTC,USDT,XLM,USDT,XLMBTC,BTCUSDT,XLMUSDT
XLM,USDC,USDC,USDT,XLM,USDT,XLMUSDC,USDCUSDT,XLMUSDT
XMR,USDC,USDC,USDT,XMR,USDT,XMRUSDC,USDCUSDT,XMRUSDT
XPL,USDC,USDC,USDT,XPL,USDT,XPLUSDC,USDCUSDT,XPLUSDT
XRP,BRL,BRL,USDT,XRP,USDT,XRPBRL,BRLUSDT,XRPUSDT
XRP,BTC,BTC,BRL,XRP,BRL,XRPBTC,BTCBRL,XRPBRL
XRP,BTC,BTC,EUR,XRP,EUR,XRPBTC,BTCEUR,XRPEUR
XRP,BTC,BTC,USD1,XRP,USD1,XRPBTC,BTCUSD1,XRPUSD1
XRP,BTC,BTC,USDC,XRP,USDC,XRPBTC,BTCUSDC,XRPUSDC
XRP,BTC,BTC,USDE,XRP,USDE,XRPBTC,BTCUSDE,XRPUSDE
XRP,BTC,BTC,USDT,XRP,USDT,XRPBTC,BTCUSDT,XRPUSDT
XRP,ETH,ETH,BRL,XRP,BRL,XRPETH,ETHBRL,XRPBRL
XRP,ETH,ETH,BTC,XRP,BTC,XRPETH,ETHBTC,XRPBTC
XRP,ETH,ETH,EUR,XRP,EUR,XRPETH,ETHEUR,XRPEUR
XRP,ETH,ETH,USD1,XRP,USD1,XRPETH,ETHUSD1,XRPUSD1
XRP,ETH,ETH,USDC,XRP,USDC,XRPETH,ETHUSDC,XRPUSDC
XRP,ETH,ETH,USDE,XRP,USDE,XRPETH,ETHUSDE,XRPUSDE
XRP,ETH,ETH,USDT,XRP,USDT,XRPETH,ETHUSDT,XRPUSDT
XRP,EUR,EUR,USDT,XRP,USDT,XRPEUR,EURUSDT,XRPUSDT
XRP,USD1,USD1,USDT,XRP,USDT,XRPUSD1,USD1USDT,XRPUSDT
XRP,USDC,USDC,BRL,XRP,BRL,XRPUSDC,USDCBRL,XRPBRL
XRP,USDC,USDC,EUR,XRP,EUR,XRPUSDC,USDCEUR,XRPEUR
XRP,USDC,USDC,USDT,XRP,USDT,XRPUSDC,USDCUSDT,XRPUSDT
XRP,USDE,USDE,USDT,XRP,USDT,XRPUSDE,USDEUSDT,XRPUSDT
XTZ,USDC,USDC,USDT,XTZ,USDT,XTZUSDC,USDCUSDT,XTZUSDT
XVG,USDC,USDC,USDT,XVG,USDT,XVGUSDC,USDCUSDT,XVGUSDT
YB,USDC,USDC,USDT,YB,USDT,YBUSDC,USDCUSDT,YBUSDT
YGG,USDC,USDC,USDT,YGG,USDT,YGGUSDC,USDCUSDT,YGGUSDT
ZBCN,USDC,USDC,USDT,ZBCN,USDT,ZBCNUSDC,USDCUSDT,ZBCNUSDT
ZBT,USDC,USDC,USDT,ZBT,USDT,ZBTUSDC,USDCUSDT,ZBTUSDT
ZEC,USDC,USDC,USDT,ZEC,USDT,ZECUSDC,USDCUSDT,ZECUSDT
ZEN,USDC,USDC,USDT,ZEN,USDT,ZENUSDC,USDCUSDT,ZENUSDT
ZK,USDC,USDC,USDT,ZK,USDT,ZKUSDC,USDCUSDT,ZKUSDT
ZKC,USDC,USDC,USDT,ZKC,USDT,ZKCUSDC,USDCUSDT,ZKCUSDT
ZKP,USDC,USDC,USDT,ZKP,USDT,ZKPUSDC,USDCUSDT,ZKPUSDT
ZORA,USDC,USDC,USDT,ZORA,USDT,ZORAUSDC,USDCUSDT,ZORAUSDT
ZRO,USDC,USDC,USDT,ZRO,USDT,ZROUSDC,USDCUSDT,ZROUSDT
